ID	Idx	GroupID	State	Type	Text	Name	Date	Codes	Memos	MemoID	Author	Size	DocType	MediaFileX	ScaleFactor	CodesWndWidth	ScrollPosPage	ScrollPosX	ScrollPosY	SelPage	SelX1	SelY1	SelX2	SelY2	ExtLink1	ExtLink2	ExtLink3	RIS-TY	RIS-AU	RIS-TI	RIS-ID	RIS-PY	Data	CodTemp	Data2	PlainTextWin	PlainTextMac	GeoLinkID	Color	LastChgUser	LastChgDate
1	10	1	0	0	BLOB	Abstract Poster_16-07-18_26-12-57_WB06	2018-01-18T12:05:06.050	0	0	0	anonymous	3387	0		1.0	0	0	0	0	0	0	0	0	0							0	0	BLOB	0	BLOB	BLOB	BLOB	0	4287664272	anonymous	2018-03-28T07:56:56.727
2	276	0	0	0	BLOB	ABSTRACT_12-01-23_25-16-14_WB06	2018-01-18T12:05:20.150	5	0	0	anonymous	12094	0		0.99	0	0	0	0	0	0	0	0	0							0	0	BLOB	0	BLOB	BLOB	BLOB	0	4287664272	anonymous	2018-03-16T14:10:35.903
3	277	0	0	0	BLOB	Abstract_15-10-22_12-10-45_WB06	2018-01-18T12:05:20.552	6	0	0	anonymous	2148	0		1.0	0	0	0	0	0	0	0	0	0							0	0	BLOB	0	BLOB	BLOB	BLOB	0	4287664272	anonymous	2018-03-16T14:10:36.280
4	278	0	0	0	BLOB	Abstract-Zusammenhang-Einleitung-Forschungsstand_15-06-10_52-14	2018-01-18T12:05:21.092	0	0	0	anonymous	274950	0		0.999999963320219	0	0	0	0	0	0	0	0	0							0	0	BLOB	0	BLOB	BLOB	BLOB	0	4287664272	anonymous	2018-03-16T14:10:36.617
5	279	0	0	0	BLOB	Arbeitspapier_12-05-30_31-23-46	2018-01-18T12:05:21.619	0	0	0	anonymous	14352	0		1.0	0	0	0	0	0	0	0	0	0							0	0	BLOB	0	BLOB	BLOB	BLOB	0	4287664272	anonymous	2018-03-16T14:10:37.054
6	280	0	0	0	BLOB	Artikel-Forschungsstand_15-04-30_52-14-99_WB06	2018-01-18T12:05:22.122	0	0	0	anonymous	137521	0		0.999999963320219	0	0	0	0	0	0	0	0	0							0	0	BLOB	0	BLOB	BLOB	BLOB	0	4287664272	anonymous	2018-03-16T14:10:37.388
7	281	0	0	0	BLOB	Aufgabe-Einleitung_12-09-29_11-13-38	2018-01-18T12:05:22.229	0	0	0	anonymous	1129206	1		0.0	0	0	0	0	0	0	0	0	0							0	0	BLOB	0	BLOB	BLOB	BLOB	0	4287664272	anonymous	2018-01-25T17:29:43.103
8	282	0	0	0	BLOB	Aufgabe-Schreibberatung_13-04-08_21-02-74	2018-01-18T12:05:22.311	0	0	0	anonymous	1035569	1		0.0	0	0	0	0	0	0	0	0	0							0	0	BLOB	0	BLOB	BLOB	BLOB	0	4287664272	anonymous	2018-01-25T17:29:43.357
9	283	0	0	0	BLOB	Aufgaben-Portofolio_15-01-29_21-02-74_SB01	2018-01-18T12:05:22.794	7	0	0	anonymous	12984	0		1.0	0	0	0	0	0	0	0	0	0							0	0	BLOB	0	BLOB	BLOB	BLOB	0	4287664272	anonymous	2018-03-16T14:10:37.852
10	284	0	0	0	BLOB	BA_13-06-09_26-06-32_SB03	2018-01-18T12:05:23.202	2	0	0	anonymous	36251	0		1.0	0	0	0	0	0	0	0	0	0							0	0	BLOB	0	BLOB	BLOB	BLOB	0	4287664272	anonymous	2018-03-16T14:10:38.228
11	285	0	0	0	BLOB	BA_14-08-11_05-18-57	2018-01-18T12:05:23.938	4	0	0	anonymous	60097	0		1.0	0	0	0	0	0	0	0	0	0							0	0	BLOB	0	BLOB	BLOB	BLOB	0	4287664272	anonymous	2018-03-16T14:10:38.800
12	286	0	0	0	BLOB	BA_16-04-30_07-22-61_SB02	2018-01-18T12:05:24.422	0	0	0	anonymous	10992	0		0.0	0	0	0	0	0	0	0	0	0							0	0	BLOB	0	BLOB	BLOB	BLOB	0	4287664272	anonymous	2018-03-16T14:10:39.444
13	287	0	0	0	BLOB	BA_FluchtundMigration_16-11-22_07-22-61_SB02	2018-01-18T12:05:24.921	0	0	0	anonymous	20384	0		0.0	0	0	0	0	0	0	0	0	0							0	0	BLOB	0	BLOB	BLOB	BLOB	0	4287664272	anonymous	2018-03-16T14:10:39.873
14	288	0	0	0	BLOB	BA-2011-Edition_15-03-09_24-24-59_SB02	2018-01-18T12:05:26.747	14	0	0	anonymous	258003	0		1.0	0	0	0	0	0	0	0	0	0							0	0	BLOB	0	BLOB	BLOB	BLOB	0	4287664272	anonymous	2018-03-16T14:10:40.449
15	289	0	0	0	BLOB	BA-Arbeit_11-12-10_20-12-91_SB25	2018-01-18T12:05:27.443	5	0	0	anonymous	15874	0		1.0	0	0	0	0	0	0	0	0	0							0	0	BLOB	0	BLOB	BLOB	BLOB	0	4287664272	anonymous	2018-03-16T14:10:41.818
16	290	0	0	0	BLOB	BA-Arbeit_12-10-29_26-24-82_SB13_SB12	2018-01-18T12:05:27.977	1	0	0	anonymous	99935	0		1.0	0	0	0	0	0	0	0	0	0							0	0	BLOB	0	BLOB	BLOB	BLOB	0	4287664272	anonymous	2018-03-16T14:10:42.260
17	291	0	0	0	BLOB	BA-Arbeit_13-06-03_28-17-44_SB01	2018-01-18T12:05:28.480	9	0	0	anonymous	30711	0		1.0	0	0	0	0	0	0	0	0	0							0	0	BLOB	0	BLOB	BLOB	BLOB	0	4287664272	anonymous	2018-03-16T14:10:43.159
18	292	0	0	0	BLOB	BA-Entwicklungshilfe_13-10-14_01-25-17	2018-01-18T12:05:28.922	0	0	0	anonymous	15417	0		0.0	0	0	0	0	0	0	0	0	0							0	0	BLOB	0	BLOB	BLOB	BLOB	0	4287664272	anonymous	2018-03-16T14:10:43.661
19	293	0	0	0	BLOB	BA-Experteninterview-Theorie-Methode_13-07-29_28-17-44	2018-01-18T12:05:29.387	7	0	0	anonymous	16743	0		1.0	0	0	0	0	0	0	0	0	0							0	0	BLOB	0	BLOB	BLOB	BLOB	0	4287664272	anonymous	2018-03-16T14:10:44.052
20	294	0	0	0	BLOB	BA-Film_15-06-10_23-01-48_SB20	2018-01-18T12:05:30.011	3	0	0	anonymous	58666	0		1.0	0	0	0	0	0	0	0	0	0							0	0	BLOB	0	BLOB	BLOB	BLOB	0	4287664272	anonymous	2018-03-16T14:10:44.435
21	295	0	0	0	BLOB	BA-final_14-12-08_04-13-10	2018-01-18T12:05:30.508	0	0	0	anonymous	30181	0		0.0	0	0	0	0	0	0	0	0	0							0	0	BLOB	0	BLOB	BLOB	BLOB	0	4287664272	anonymous	2018-03-16T14:10:45.126
22	296	0	0	0	BLOB	BA-Flucht_16-10-18_07-22-61_SB02	2018-01-18T12:05:30.979	0	0	0	anonymous	12989	0		0.0	0	0	0	0	0	0	0	0	0							0	0	BLOB	0	BLOB	BLOB	BLOB	0	4287664272	anonymous	2018-03-16T14:10:45.617
23	297	0	0	0	BLOB	BA-Flucht-und-Migration_16-10-03_07-22-61_SB02	2018-01-18T12:05:31.458	4	0	0	anonymous	13138	0		1.0	0	0	0	0	0	0	0	0	0							0	0	BLOB	0	BLOB	BLOB	BLOB	0	4287664272	anonymous	2018-03-16T14:10:46.034
24	298	0	0	0	BLOB	BA-Formen-von-Gewalt_13-04-03_01-18-93_SB16	2018-01-18T12:05:31.940	0	0	0	anonymous	12557	0		0.0	0	0	0	0	0	0	0	0	0							0	0	BLOB	0	BLOB	BLOB	BLOB	0	4287664272	anonymous	2018-03-16T14:10:46.397
25	299	0	0	0	BLOB	BA-Gehorsam_16-09-01_23-05-50_SB02	2018-01-18T12:05:32.387	0	0	0	anonymous	14357	0		0.0	0	0	0	0	0	0	0	0	0							0	0	BLOB	0	BLOB	BLOB	BLOB	0	4287664272	anonymous	2018-03-16T14:10:46.747
26	300	0	0	0	BLOB	BA-Historie_15-03-19_24-24-59_SB02	2018-01-18T12:05:32.823	0	0	0	anonymous	8512	0		0.0	0	0	0	0	0	0	0	0	0							0	0	BLOB	0	BLOB	BLOB	BLOB	0	4287664272	anonymous	2018-03-16T14:10:47.116
27	301	0	0	0	BLOB	BA-Instrumente-der_13-10-21_01-25-17_SB12	2018-01-18T12:05:33.205	3	0	0	anonymous	17276	0		1.0	0	0	0	0	0	0	0	0	0							0	0	BLOB	0	BLOB	BLOB	BLOB	0	4287664272	anonymous	2018-03-16T14:10:47.455
28	302	0	0	0	BLOB	BA-ITIL-2011-Edition_15-03-23_24-24-59_SB02	2018-01-18T12:05:35.038	15	0	0	anonymous	260534	0		1.0	0	0	0	0	0	0	0	0	0							0	0	BLOB	0	BLOB	BLOB	BLOB	0	4287664272	anonymous	2018-03-16T14:10:47.959
29	303	0	0	0	BLOB	BA-ITSM-2011-Science_15-04-24_24-24-59	2018-01-18T12:05:35.321	2	0	0	anonymous	2989220	1		656.0	0	0	0	0	0	0	0	0	0							0	0	BLOB	0	BLOB	BLOB	BLOB	0	4287664272	anonymous	2018-01-29T15:50:24.469
30	304	0	0	0	BLOB	BA-Kindergarten_15-05-11_15-23-51_SB20	2018-01-18T12:05:36.083	17	0	0	anonymous	12633	0		0.99	0	0	0	0	0	0	0	0	0							0	0	BLOB	0	BLOB	BLOB	BLOB	0	4287664272	anonymous	2018-03-16T14:10:49.287
31	305	0	0	0	BLOB	BA-Kita-Brueckenjahr_16-04-22_04-10-06_SB20	2018-01-18T12:05:37.214	7	0	0	anonymous	227180	0		1.0	0	0	0	0	0	0	0	0	0							0	0	BLOB	0	BLOB	BLOB	BLOB	0	4287664272	anonymous	2018-03-16T14:10:49.754
32	306	0	0	0	BLOB	BA-Klassenfuehrungskompetenz_14-05-19_08-03-18_SB01	2018-01-18T12:05:38.181	7	0	0	anonymous	366046	0		1.0	0	0	0	0	0	0	0	0	0							0	0	BLOB	0	BLOB	BLOB	BLOB	0	4287664272	anonymous	2018-03-16T14:10:50.781
33	307	0	0	0	BLOB	BA-Kunst_15-12-17_10-07-01_SB01	2018-01-18T12:05:38.692	17	0	0	anonymous	14209	0		0.99	0	0	0	0	0	0	0	0	0							0	0	BLOB	0	BLOB	BLOB	BLOB	0	4287664272	anonymous	2018-03-16T14:10:53.092
34	308	0	0	0	BLOB	BA-Laermbelaestigung_16-02-19_06-21-00	2018-01-18T12:05:38.748	5	0	0	anonymous	4288435	1		656.0	0	0	0	0	0	0	0	0	0							0	0	BLOB	0	BLOB	BLOB	BLOB	0	4287664272	anonymous	2018-01-29T16:08:52.922
35	309	0	0	0	BLOB	BA-Literatur_15-06-14_05-04-16_SB01	2018-01-18T12:05:39.012	0	0	0	anonymous	62982	1		0.0	0	0	0	0	0	0	0	0	0							0	0	BLOB	0	BLOB	BLOB	BLOB	0	4287664272	anonymous	2018-01-25T17:29:56.167
36	310	0	0	0	BLOB	BA-Literatur-Einleitung_15-08-14_05-04-16_SB01	2018-01-18T12:05:39.048	1	0	0	anonymous	81226	1		656.0	0	0	0	0	0	0	0	0	0							0	0	BLOB	0	BLOB	BLOB	BLOB	0	4287664272	anonymous	2018-01-29T16:09:08.446
37	311	0	0	0	BLOB	BA-Literatur-Handlungsorte_15-07-23_05-04-16_SB01	2018-01-18T12:05:39.085	0	0	0	anonymous	89503	1		0.0	0	0	0	0	0	0	0	0	0							0	0	BLOB	0	BLOB	BLOB	BLOB	0	4287664272	anonymous	2018-01-25T17:29:56.554
38	312	0	0	0	BLOB	BA-Literatur-Protagonistinnen_15-08-15_05-04-16_SB01	2018-01-18T12:05:39.119	0	0	0	anonymous	80020	1		0.0	0	0	0	0	0	0	0	0	0							0	0	BLOB	0	BLOB	BLOB	BLOB	0	4287664272	anonymous	2018-01-25T17:29:56.745
39	313	0	0	0	BLOB	BA-Literatur-Zusammenfassung_15-08-15_05-04-16_SB01	2018-01-18T12:05:39.155	0	0	0	anonymous	85275	1		0.0	0	0	0	0	0	0	0	0	0							0	0	BLOB	0	BLOB	BLOB	BLOB	0	4287664272	anonymous	2018-01-25T17:29:56.922
40	314	0	0	0	BLOB	BA-Medien_16-01-05_27-17-53_SB02	2018-01-18T12:05:39.655	0	0	0	anonymous	27217	0		0.0	0	0	0	0	0	0	0	0	0							0	0	BLOB	0	BLOB	BLOB	BLOB	0	4287664272	anonymous	2018-03-16T14:10:53.446
41	315	0	0	0	BLOB	BA-Mediennutzung_16-04-28_27-17-53_SB02	2018-01-18T12:05:40.224	0	0	0	anonymous	19890	0		0.0	0	0	0	0	0	0	0	0	0							0	0	BLOB	0	BLOB	BLOB	BLOB	0	4287664272	anonymous	2018-03-16T14:10:53.843
42	316	0	0	0	BLOB	BA-Paedagogik_14-12-01_04-13-10_SB02	2018-01-18T12:05:40.749	0	0	0	anonymous	30409	0		0.0	0	0	0	0	0	0	0	0	0							0	0	BLOB	0	BLOB	BLOB	BLOB	0	4287664272	anonymous	2018-03-16T14:10:54.281
43	317	0	0	0	BLOB	BA-Paedagogik-Freires-1_15-01-11_04-13-10_SB02	2018-01-18T12:05:41.596	6	0	0	anonymous	90859	0		1.0	0	0	0	0	0	0	0	0	0							0	0	BLOB	0	BLOB	BLOB	BLOB	0	4287664272	anonymous	2018-03-16T14:10:54.785
44	318	0	0	0	BLOB	BA-TSC_14-09-08_03-14-18_WB50	2018-01-18T12:05:42.583	1	0	0	anonymous	159966	0		1.0	0	0	0	0	0	0	0	0	0							0	0	BLOB	0	BLOB	BLOB	BLOB	0	4287664272	anonymous	2018-03-16T14:10:55.653
45	0	1	0	0	BLOB	BA-Twi-in-Kirchen_15-01-19_10-08-86_SB11	2018-01-18T12:05:44.071	283	0	0	anonymous	519447	0		1.0	0	0	0	0	0	0	0	0	0							0	0	BLOB	0	BLOB	BLOB	BLOB	0	4287664272	anonymous	2018-03-28T07:57:09.827
46	1	1	0	0	BLOB	Bachelorarbeit_13-08-05_28-17-44_SB01	2018-01-18T12:05:44.717	29	0	0	anonymous	109365	0		1.0	0	0	0	0	0	0	0	0	0							0	0	BLOB	0	BLOB	BLOB	BLOB	0	4287664272	anonymous	2018-03-28T07:57:08.638
47	2	1	0	0	BLOB	Beobachtungsaufgabe-Unterricht_16-06-10_01-12-23_SB28	2018-01-18T12:05:45.272	0	0	0	anonymous	3357	0		0.0	0	0	0	0	0	0	0	0	0							0	0	BLOB	0	BLOB	BLOB	BLOB	0	4287664272	anonymous	2018-03-28T07:57:07.278
48	3	1	0	0	BLOB	Beobachtungsauftrag_16-04-29_01-12-23_SB28	2018-01-18T12:05:45.726	3	0	0	anonymous	3562	0		1.0	0	0	0	0	0	0	0	0	0							0	0	BLOB	0	BLOB	BLOB	BLOB	0	4287664272	anonymous	2018-03-28T07:57:06.137
49	4	1	0	0	BLOB	Beratungsgespraech-Gliederung_15-01-12_01-12-32_SB24	2018-01-18T12:05:46.157	18	0	0	anonymous	11748	0		1.0	0	0	0	0	0	0	0	0	0							0	0	BLOB	0	BLOB	BLOB	BLOB	0	4287664272	anonymous	2018-03-28T07:57:04.764
50	5	1	0	0	BLOB	Beratungsgespraech-Themeneingrenzung_15-01-12_07-22-40_SB24	2018-01-18T12:05:46.573	31	0	0	anonymous	12795	0		1.0	0	0	0	0	0	0	0	0	0							0	0	BLOB	0	BLOB	BLOB	BLOB	0	4287664272	anonymous	2018-03-28T07:57:03.660
51	6	1	0	0	BLOB	Bericht_12-09-14_23-27-57_SB11	2018-01-18T12:05:46.991	32	0	0	anonymous	26007	0		1.0	0	0	0	0	0	0	0	0	0							0	0	BLOB	0	BLOB	BLOB	BLOB	0	4287664272	anonymous	2018-03-28T07:57:02.439
52	7	1	0	0	BLOB	Bericht-Konditorei_14-07-28_03-13-81_WB50	2018-01-18T12:05:47.068	0	0	0	anonymous	2002430	1		0.0	0	0	0	0	0	0	0	0	0							0	0	BLOB	0	BLOB	BLOB	BLOB	0	4287664272	anonymous	2018-03-28T07:57:00.955
53	8	1	0	0	BLOB	Best-Practice_13-09-30_21-02-74	2018-01-18T12:05:47.213	0	0	0	anonymous	2595277	1		0.0	0	0	0	0	0	0	0	0	0							0	0	BLOB	0	BLOB	BLOB	BLOB	0	4287664272	anonymous	2018-03-28T07:56:59.511
54	9	1	1	0	BLOB	Bilderbuchanalyse-Maerchen_15-07-23_21-02-74_SB01	2018-01-18T12:05:48.000	11	0	0	anonymous	35294	0		0.99	0	0	0	0	0	0	0	0	0							0	0	BLOB	0	BLOB	BLOB	BLOB	0	4287664272	anonymous	2018-03-28T07:56:58.039
55	0	0	0	0	BLOB	Dipl-Qualitaetssicherung_12-05-09_31-23-46_WB06	2018-01-18T12:06:07.517	6	0	0	anonymous	18797	0		1.0	0	0	0	0	0	0	0	0	0							0	0	BLOB	0	BLOB	BLOB	BLOB	0	4287664272	anonymous	2018-03-16T14:05:29.941
56	1	0	0	0	BLOB	Diplom-Grundsicherung-fuer-Studenten_13-01-03_31-23-46_WB06	2018-01-18T12:06:08.168	0	0	0	anonymous	47517	0		0.0	0	0	0	0	0	0	0	0	0							0	0	BLOB	0	BLOB	BLOB	BLOB	0	4287664272	anonymous	2018-03-16T14:05:30.952
57	2	0	0	0	BLOB	Diplomarbeit-Einleitung_13-09-15_27-16-44	2018-01-18T12:06:08.687	14	0	0	anonymous	34840	0		1.0	0	0	0	0	0	0	0	0	0							0	0	BLOB	0	BLOB	BLOB	BLOB	0	4287664272	anonymous	2018-03-16T14:05:31.334
58	3	0	0	0	BLOB	Diplomarbeit-Full_13-03-08_31-23-46	2018-01-18T12:06:08.759	2	0	0	anonymous	4394570	1		656.0	0	0	0	0	0	0	0	0	0							0	0	BLOB	0	BLOB	BLOB	BLOB	0	4287664272	anonymous	2018-01-31T14:47:59.145
59	4	0	0	0	BLOB	Diss_14-09-16_16-03-87_SB02	2018-01-18T12:06:10.571	9	0	0	anonymous	1542902	0		1.0	0	0	0	0	0	0	0	0	0							0	0	BLOB	0	BLOB	BLOB	BLOB	0	4287664272	anonymous	2018-03-16T14:05:42.359
60	5	0	0	0	BLOB	Diss-Berichterstattung_16-06-02_21-01-44_WB06	2018-01-18T12:06:13.247	0	0	0	anonymous	497328	0		1.0	0	0	0	0	0	0	0	0	0							0	0	BLOB	0	BLOB	BLOB	BLOB	0	4287664272	anonymous	2018-03-16T14:05:44.868
61	6	0	0	0	BLOB	Diss-Einleitung_15-07-09_06-07-96_SB02	2018-01-18T12:06:13.969	0	0	0	anonymous	30233	0		0.0	0	0	0	0	0	0	0	0	0							0	0	BLOB	0	BLOB	BLOB	BLOB	0	4287664272	anonymous	2018-03-16T14:05:45.243
62	7	0	0	0	BLOB	Diss-Einleitung-1_14-09-03_27-09-92_WB50	2018-01-18T12:06:14.042	0	0	0	anonymous	2490548	1		0.0	0	0	0	0	0	0	0	0	0							0	0	BLOB	0	BLOB	BLOB	BLOB	0	4287664272	anonymous	2018-01-25T17:28:26.860
63	8	0	0	0	BLOB	Diss-Einleitung-2_14-09-03_27-09-92_WB50	2018-01-18T12:06:14.227	0	0	0	anonymous	3136634	1		0.0	0	0	0	0	0	0	0	0	0							0	0	BLOB	0	BLOB	BLOB	BLOB	0	4287664272	anonymous	2018-01-25T17:28:27.763
64	9	0	0	0	BLOB	Diss-Forschungsstand_15-08-13_06-07-96_SB02	2018-01-18T12:06:15.424	2	0	0	anonymous	155577	0		1.0	0	0	0	0	0	0	0	0	0							0	0	BLOB	0	BLOB	BLOB	BLOB	0	4287664272	anonymous	2018-03-16T14:05:55.320
65	10	0	0	0	BLOB	Diss-Geopolitik_14-11-17_00-08-79_SB19	2018-01-18T12:06:16.100	1	0	0	anonymous	9020	0		1.0	0	0	0	0	0	0	0	0	0							0	0	BLOB	0	BLOB	BLOB	BLOB	0	4287664272	anonymous	2018-03-16T14:05:55.770
66	11	0	0	0	BLOB	Diss-Geopolitik-zweites-Kapitel_15-06-22_00-08-79_SB19	2018-01-18T12:06:16.737	2	0	0	anonymous	14820	0		1.0	0	0	0	0	0	0	0	0	0							0	0	BLOB	0	BLOB	BLOB	BLOB	0	4287664272	anonymous	2018-03-16T14:05:55.866
67	12	0	0	0	BLOB	Diss-Kap3_16-08-01_00-08-79_WB06	2018-01-18T12:06:17.251	1	0	0	anonymous	14173	0		1.0	0	0	0	0	0	0	0	0	0							0	0	BLOB	0	BLOB	BLOB	BLOB	0	4287664272	anonymous	2018-03-16T14:05:56.294
68	13	0	0	0	BLOB	Diss-Kapitel-I_15-10-26_06-07-96_SB02	2018-01-18T12:06:18.479	1	0	0	anonymous	137620	0		1.0	0	0	0	0	0	0	0	0	0							0	0	BLOB	0	BLOB	BLOB	BLOB	0	4287664272	anonymous	2018-03-16T14:05:57.177
69	14	0	0	0	BLOB	Diss-Kapitel-I-Teil-I_15-10-14_06-07-96_SB02	2018-01-18T12:06:19.761	1	0	0	anonymous	136948	0		1.0	0	0	0	0	0	0	0	0	0							0	0	BLOB	0	BLOB	BLOB	BLOB	0	4287664272	anonymous	2018-03-16T14:05:57.807
70	15	0	0	0	BLOB	Diss-Kapitel-I-Teil-II_15-10-14_06-07-96_SB02	2018-01-18T12:06:20.799	2	0	0	anonymous	157906	0		1.0	0	0	0	0	0	0	0	0	0							0	0	BLOB	0	BLOB	BLOB	BLOB	0	4287664272	anonymous	2018-03-16T14:05:58.368
71	16	0	0	0	BLOB	Diss-Kapitel-I-Teil-III_15-10-14_06-07-96_SB02	2018-01-18T12:06:21.916	2	0	0	anonymous	158646	0		1.0	0	0	0	0	0	0	0	0	0							0	0	BLOB	0	BLOB	BLOB	BLOB	0	4287664272	anonymous	2018-03-16T14:05:59.092
72	17	0	0	0	BLOB	Diss-Kapitel-II_15-11-02_06-07-96_SB02	2018-01-18T12:06:22.999	0	0	0	anonymous	127895	0		0.0	0	0	0	0	0	0	0	0	0							0	0	BLOB	0	BLOB	BLOB	BLOB	0	4287664272	anonymous	2018-03-16T14:05:59.582
73	18	0	0	0	BLOB	Diss-Quantitative-Inhaltsanalyse_16-09-29_21-01-44_SB28	2018-01-18T12:06:24.043	0	0	0	anonymous	495753	0		0.0	0	0	0	0	0	0	0	0	0							0	0	BLOB	0	BLOB	BLOB	BLOB	0	4287664272	anonymous	2018-03-16T14:06:00.180
74	19	0	0	0	BLOB	Diss-Teil-3-7_16-10-07_00-08-79_WB06	2018-01-18T12:06:24.532	0	0	0	anonymous	2157	0		0.0	0	0	0	0	0	0	0	0	0							0	0	BLOB	0	BLOB	BLOB	BLOB	0	4287664272	anonymous	2018-03-16T14:06:00.532
75	20	0	0	0	BLOB	Diss-Teil-4-2_16-11-21_00-08-79_WB06	2018-01-18T12:06:25.028	0	0	0	anonymous	40278	0		0.0	0	0	0	0	0	0	0	0	0							0	0	BLOB	0	BLOB	BLOB	BLOB	0	4287664272	anonymous	2018-03-16T14:06:00.888
76	21	0	0	0	BLOB	Diss-Visual-Frames_16-10-16_21-01-44_SB28	2018-01-18T12:06:26.052	0	0	0	anonymous	106254	0		0.0	0	0	0	0	0	0	0	0	0							0	0	BLOB	0	BLOB	BLOB	BLOB	0	4287664272	anonymous	2018-03-16T14:06:01.325
77	22	0	0	0	BLOB	Diss-Zweisprachigkeit_12-08-02_11-07-95_SB26	2018-01-18T12:06:26.603	7	0	0	anonymous	81892	0		1.0	0	0	0	0	0	0	0	0	0							0	0	BLOB	0	BLOB	BLOB	BLOB	0	4287664272	anonymous	2018-03-16T14:06:01.878
78	23	0	0	0	BLOB	Dissertation-Feldenkrais_16-02-01_17-07-29_WB06	2018-01-18T12:06:27.677	52	0	0	anonymous	151920	0		1.0	0	0	0	0	0	0	0	0	0							0	0	BLOB	0	BLOB	BLOB	BLOB	0	4287664272	anonymous	2018-03-16T14:06:02.601
79	24	0	0	0	BLOB	Dissertation-Teil1_12-05-13_01-05-81	2018-01-18T12:06:28.279	2	0	0	anonymous	11699	0		1.0	0	0	0	0	0	0	0	0	0							0	0	BLOB	0	BLOB	BLOB	BLOB	0	4287664272	anonymous	2018-03-16T14:06:03.029
80	25	0	0	0	BLOB	Dissertation-Teil2_12-05-13_01-05-81	2018-01-18T12:06:28.704	0	0	0	anonymous	10263	0		0.0	0	0	0	0	0	0	0	0	0							0	0	BLOB	0	BLOB	BLOB	BLOB	0	4287664272	anonymous	2018-03-16T14:06:03.210
81	26	0	0	0	BLOB	Dissertation-Teil3_12-05-13_01-05-81	2018-01-18T12:06:29.126	6	0	0	anonymous	21348	0		1.0	0	0	0	0	0	0	0	0	0							0	0	BLOB	0	BLOB	BLOB	BLOB	0	4287664272	anonymous	2018-03-16T14:06:03.460
82	27	0	0	0	BLOB	Dissertation-Teil4_12-05-13_01-05-81	2018-01-18T12:06:29.575	2	0	0	anonymous	13497	0		1.0	0	0	0	0	0	0	0	0	0							0	0	BLOB	0	BLOB	BLOB	BLOB	0	4287664272	anonymous	2018-03-16T14:06:03.887
83	28	0	0	0	BLOB	Dokumentation_16-01-07_25-25-35_SB02	2018-01-18T12:06:30.082	6	0	0	anonymous	28830	0		1.0	0	0	0	0	0	0	0	0	0							0	0	BLOB	0	BLOB	BLOB	BLOB	0	4287664272	anonymous	2018-03-16T14:06:04.194
84	29	0	0	0	BLOB	Einleitung-Hauptteil-Fazit_13-10-06_10-07-01_SB12	2018-01-18T12:06:30.568	1	0	0	anonymous	26330	0		1.0	0	0	0	0	0	0	0	0	0							0	0	BLOB	0	BLOB	BLOB	BLOB	0	4287664272	anonymous	2018-03-16T14:06:04.598
85	30	0	0	0	BLOB	Elektra-Hausarbeit_16-01-07_29-02-94_SB28	2018-01-18T12:06:31.264	29	0	0	anonymous	40273	0		1.0	0	0	0	0	0	0	0	0	0							0	0	BLOB	0	BLOB	BLOB	BLOB	0	4287664272	anonymous	2018-03-16T14:06:04.947
86	31	0	0	0	BLOB	Ergebnisseprotokolle_15-01-26_01-12-32_SB02	2018-01-18T12:06:31.796	0	0	0	anonymous	12393	0		0.0	0	0	0	0	0	0	0	0	0							0	0	BLOB	0	BLOB	BLOB	BLOB	0	4287664272	anonymous	2018-03-16T14:06:05.418
87	32	0	0	0	BLOB	Essay_14-12-12_24-04-79_WB06	2018-01-18T12:06:32.290	3	0	0	anonymous	18892	0		1.0	0	0	0	0	0	0	0	0	0							0	0	BLOB	0	BLOB	BLOB	BLOB	0	4287664272	anonymous	2018-03-16T14:06:05.682
88	33	0	0	0	BLOB	Essay-1_14-09-01_10-11-31_SB02	2018-01-18T12:06:32.798	3	0	0	anonymous	10793	0		1.0	0	0	0	0	0	0	0	0	0							0	0	BLOB	0	BLOB	BLOB	BLOB	0	4287664272	anonymous	2018-03-27T10:00:49.738
89	34	0	0	0	BLOB	Essay-2_14-09-01_10-11-31_SB02	2018-01-18T12:06:33.330	2	0	0	anonymous	12596	0		1.0	0	0	0	0	0	0	0	0	0							0	0	BLOB	0	BLOB	BLOB	BLOB	0	4287664272	anonymous	2018-03-16T14:06:06.414
90	35	0	0	0	BLOB	Essay-Bindung_14-01-15_04-10-06_SB11	2018-01-18T12:06:33.778	18	0	0	anonymous	19875	0		1.0	0	0	0	0	0	0	0	0	0							0	0	BLOB	0	BLOB	BLOB	BLOB	0	4287664272	anonymous	2018-03-16T14:06:06.942
91	36	0	0	0	BLOB	Essay-Gewalt_13-03-24_21-02-26_SB16	2018-01-18T12:06:34.267	3	0	0	anonymous	12163	0		1.0	0	0	0	0	0	0	0	0	0							0	0	BLOB	0	BLOB	BLOB	BLOB	0	4287664272	anonymous	2018-03-16T14:10:40.160
92	37	0	0	0	BLOB	Essay-Recht-auf-Leben_14-04-16_22-14-33_SB11	2018-01-18T12:06:34.814	10	0	0	anonymous	34645	0		1.0	0	0	0	0	0	0	0	0	0							0	0	BLOB	0	BLOB	BLOB	BLOB	0	4287664272	anonymous	2018-03-16T14:06:08.506
93	38	0	0	0	BLOB	Essay3_14-09-10_10-11-31_SB02	2018-01-18T12:06:35.313	4	0	0	anonymous	10704	0		1.0	0	0	0	0	0	0	0	0	0							0	0	BLOB	0	BLOB	BLOB	BLOB	0	4287664272	anonymous	2018-03-16T14:06:11.177
94	39	0	0	0	BLOB	Examensarbeit_12-05-11_01-05-55_SB09	2018-01-18T12:06:35.378	23	0	0	anonymous	399774	1		656.0	0	0	0	0	0	0	0	0	0							0	0	BLOB	0	BLOB	BLOB	BLOB	0	4287664272	anonymous	2018-01-31T15:48:02.574
95	40	0	0	0	BLOB	Examensarbeit_12-06-10_27-23-27_SB15	2018-01-18T12:06:35.858	5	0	0	anonymous	60462	0		1.0	0	0	0	0	0	0	0	0	0							0	0	BLOB	0	BLOB	BLOB	BLOB	0	4287664272	anonymous	2018-03-16T14:06:11.569
96	41	0	0	0	BLOB	Examensarbeit_13-02-08_24-29-07	2018-01-18T12:06:36.005	236	0	0	anonymous	1238687	1		656.0	0	0	0	0	0	0	0	0	0							0	0	BLOB	0	BLOB	BLOB	BLOB	0	4287664272	anonymous	2018-02-21T16:24:47.604
97	42	0	0	0	BLOB	Examensarbeit-Diskussion-Fazit_12-06-11_27-23-27_SB15	2018-01-18T12:06:36.497	2	0	0	anonymous	20774	0		1.0	0	0	0	0	0	0	0	0	0							0	0	BLOB	0	BLOB	BLOB	BLOB	0	4287664272	anonymous	2018-03-16T14:06:12.679
98	43	0	0	0	BLOB	Examensarbeit-Ergebnisse-Diskussion_12-06-12_27-23-27_SB15	2018-01-18T12:06:37.001	6	0	0	anonymous	80066	0		1.0	0	0	0	0	0	0	0	0	0							0	0	BLOB	0	BLOB	BLOB	BLOB	0	4287664272	anonymous	2018-03-27T10:00:50.051
99	44	0	0	0	BLOB	Examensarbeit-Methodik_12-06-13_27-23-27_SB15	2018-01-18T12:06:37.492	3	0	0	anonymous	18451	0		1.0	0	0	0	0	0	0	0	0	0							0	0	BLOB	0	BLOB	BLOB	BLOB	0	4287664272	anonymous	2018-03-16T14:06:14.071
100	45	0	0	0	BLOB	Expose_12-08-26_09-19-81_SB13	2018-01-18T12:06:38.091	37	0	0	anonymous	57946	0		1.0	0	0	0	0	0	0	0	0	0							0	0	BLOB	0	BLOB	BLOB	BLOB	0	4287664272	anonymous	2018-03-16T14:06:14.800
101	46	0	0	0	BLOB	Expose_15-10-01_03-11-18_WB06	2018-01-18T12:06:38.579	17	0	0	anonymous	33322	0		1.0	0	0	0	0	0	0	0	0	0							0	0	BLOB	0	BLOB	BLOB	BLOB	0	4287664272	anonymous	2018-03-16T14:06:15.775
102	47	0	0	0	BLOB	Expose_15-11-12_27-17-53_SB02	2018-01-18T12:06:39.044	4	0	0	anonymous	13349	0		1.0	0	0	0	0	0	0	0	0	0							0	0	BLOB	0	BLOB	BLOB	BLOB	0	4287664272	anonymous	2018-03-16T14:06:16.536
103	48	0	0	0	BLOB	Expose_16-03-30_23-01-99_WB06	2018-01-18T12:06:40.029	16	0	0	anonymous	98819	0		1.0	0	0	0	0	0	0	0	0	0							0	0	BLOB	0	BLOB	BLOB	BLOB	0	4287664272	anonymous	2018-03-16T14:06:17.158
104	49	0	0	0	BLOB	Expose_16-08-30_03-11-18_WB06	2018-01-18T12:06:40.858	46	0	0	anonymous	48684	0		1.0	0	0	0	0	0	0	0	0	0							0	0	BLOB	0	BLOB	BLOB	BLOB	0	4287664272	anonymous	2018-03-16T14:06:18.204
105	50	0	0	0	BLOB	Expose-BA_14-06-16_05-18-57_SB12	2018-01-18T12:06:41.396	0	0	0	anonymous	31341	0		0.0	0	0	0	0	0	0	0	0	0							0	0	BLOB	0	BLOB	BLOB	BLOB	0	4287664272	anonymous	2018-03-16T14:06:19.131
106	51	0	0	0	BLOB	Expose-BA_14-12-08_04-13-10	2018-01-18T12:06:41.943	16	0	0	anonymous	15081	0		1.0	0	0	0	0	0	0	0	0	0							0	0	BLOB	0	BLOB	BLOB	BLOB	0	4287664272	anonymous	2018-03-16T14:06:19.726
107	52	0	0	0	BLOB	Expose-die-moderne-religioese-Denker_13-01-14_16-03-87_SB05	2018-01-18T12:06:42.391	8	0	0	anonymous	28105	0		1.0	0	0	0	0	0	0	0	0	0							0	0	BLOB	0	BLOB	BLOB	BLOB	0	4287664272	anonymous	2018-03-16T14:06:23.938
108	53	0	0	0	BLOB	Expose-DISKURSanalyse_11-09-05_25-11-18_SB15	2018-01-18T12:06:43.143	1	0	0	anonymous	42336	0		1.0	0	0	0	0	0	0	0	0	0							0	0	BLOB	0	BLOB	BLOB	BLOB	0	4287664272	anonymous	2018-03-16T14:06:24.495
109	54	0	0	0	BLOB	Expose-Diss_13-05-05_16-03-87_WB06	2018-01-18T12:06:43.987	13	0	0	anonymous	62932	0		1.0	0	0	0	0	0	0	0	0	0							0	0	BLOB	0	BLOB	BLOB	BLOB	0	4287664272	anonymous	2018-03-16T14:06:25.245
110	55	0	0	0	BLOB	Expose-Dissertation_15-12-03_03-11-18	2018-01-18T12:06:44.574	20	0	0	anonymous	40692	0		1.0	0	0	0	0	0	0	0	0	0							0	0	BLOB	0	BLOB	BLOB	BLOB	0	4287664272	anonymous	2018-03-16T14:06:26.107
111	56	0	0	0	BLOB	Expose-Geopolitik_14-11-10_00-08-79_SB19	2018-01-18T12:06:45.099	0	0	0	anonymous	11635	0		0.0	0	0	0	0	0	0	0	0	0							0	0	BLOB	0	BLOB	BLOB	BLOB	0	4287664272	anonymous	2018-03-16T14:06:26.794
112	57	0	0	0	BLOB	Expose-Internetnutzung_15-04-01_20-27-20	2018-01-18T12:06:45.644	13	0	0	anonymous	14975	0		1.0	0	0	0	0	0	0	0	0	0							0	0	BLOB	0	BLOB	BLOB	BLOB	0	4287664272	anonymous	2018-03-16T14:06:27.345
113	58	0	0	0	BLOB	Exposee_12-11-26_01-18-93_SB01	2018-01-18T12:06:46.094	5	0	0	anonymous	22136	0		1.0	0	0	0	0	0	0	0	0	0							0	0	BLOB	0	BLOB	BLOB	BLOB	0	4287664272	anonymous	2018-03-16T14:06:27.875
114	59	0	0	0	BLOB	Exposee_12-11-27_01-18-93_SB01	2018-01-18T12:06:46.193	0	0	0	anonymous	2520501	1		0.0	0	0	0	0	0	0	0	0	0							0	0	BLOB	0	BLOB	BLOB	BLOB	0	4287664272	anonymous	2018-01-25T17:28:49.471
115	60	0	0	0	BLOB	Exzerpt_13-05-06_21-02-74	2018-01-18T12:06:46.781	0	0	0	anonymous	1159	0		0.0	0	0	0	0	0	0	0	0	0							0	0	BLOB	0	BLOB	BLOB	BLOB	0	4287664272	anonymous	2018-03-16T14:06:28.427
116	61	0	0	0	BLOB	Exzerpt-Mehrsprachigkeit-im-Fachunterricht_13-05-27_21-02-74	2018-01-18T12:06:47.244	1	0	0	anonymous	3926	0		1.0	0	0	0	0	0	0	0	0	0							0	0	BLOB	0	BLOB	BLOB	BLOB	0	4287664272	anonymous	2018-03-16T14:06:28.875
117	62	0	0	0	BLOB	Exzerpt-Weltkindergaerten_14-07-08_22-14-33_SB11	2018-01-18T12:06:47.837	0	0	0	anonymous	24178	0		0.0	0	0	0	0	0	0	0	0	0							0	0	BLOB	0	BLOB	BLOB	BLOB	0	4287664272	anonymous	2018-03-16T14:06:29.463
118	63	0	0	0	BLOB	Farbschema-fuer-HA-Kinder-und-Jugendarbeit_13-05-13_31-10-43_SB	2018-01-18T12:06:48.283	0	0	0	anonymous	938	0		0.0	0	0	0	0	0	0	0	0	0							0	0	BLOB	0	BLOB	BLOB	BLOB	0	4287664272	anonymous	2018-03-16T14:06:39.795
119	64	0	0	0	BLOB	Feedback_12-03-10_26-24-82	2018-01-18T12:06:48.773	13	0	0	anonymous	22368	0		1.0	0	0	0	0	0	0	0	0	0							0	0	BLOB	0	BLOB	BLOB	BLOB	0	4287664272	anonymous	2018-03-16T14:06:40.225
120	65	0	0	0	BLOB	Focus-Diplomarbeit_12-05-30_31-23-46	2018-01-18T12:06:49.261	0	0	0	anonymous	80791	0		0.0	0	0	0	0	0	0	0	0	0							0	0	BLOB	0	BLOB	BLOB	BLOB	0	4287664272	anonymous	2018-03-16T14:06:40.861
121	66	0	0	0	BLOB	Forschungsstand_12-08-26_09-19-81_SB13	2018-01-18T12:06:49.699	2	0	0	anonymous	14766	0		1.0	0	0	0	0	0	0	0	0	0							0	0	BLOB	0	BLOB	BLOB	BLOB	0	4287664272	anonymous	2018-03-16T14:06:41.957
122	67	0	0	0	BLOB	Fragestellung_15-11-29_10-07-01	2018-01-18T12:06:50.142	8	0	0	anonymous	3480	0		1.0	0	0	0	0	0	0	0	0	0							0	0	BLOB	0	BLOB	BLOB	BLOB	0	4287664272	anonymous	2018-03-16T14:06:42.475
123	68	0	0	0	BLOB	Gliederungsentwurf_16-09-13_03-11-18_WB06	2018-01-18T12:06:50.632	0	0	0	anonymous	3333	0		0.0	0	0	0	0	0	0	0	0	0							0	0	BLOB	0	BLOB	BLOB	BLOB	0	4287664272	anonymous	2018-03-16T14:06:43.068
124	69	0	0	0	BLOB	HA_13-03-25_01-18-93_SB16	2018-01-18T12:06:51.125	1	0	0	anonymous	12356	0		1.0	0	0	0	0	0	0	0	0	0							0	0	BLOB	0	BLOB	BLOB	BLOB	0	4287664272	anonymous	2018-03-16T14:06:43.588
125	70	0	0	0	BLOB	HA_13-03-25_21-02-74_SB03	2018-01-18T12:06:51.629	0	0	0	anonymous	3456	0		0.0	0	0	0	0	0	0	0	0	0							0	0	BLOB	0	BLOB	BLOB	BLOB	0	4287664272	anonymous	2018-03-16T14:06:44.121
126	71	0	0	0	BLOB	HA_15-03-11_30-25-94_SB28	2018-01-18T12:06:52.070	0	0	0	anonymous	10748	0		0.0	0	0	0	0	0	0	0	0	0							0	0	BLOB	0	BLOB	BLOB	BLOB	0	4287664272	anonymous	2018-03-16T14:06:44.835
127	72	0	0	0	BLOB	HA_15-03-19_30-25-94_SB28	2018-01-18T12:06:52.520	0	0	0	anonymous	15720	0		0.0	0	0	0	0	0	0	0	0	0							0	0	BLOB	0	BLOB	BLOB	BLOB	0	4287664272	anonymous	2018-03-16T14:06:45.459
128	73	0	0	0	BLOB	HA_Offenmarktgeschaefte_15-10-08_23-08-35	2018-01-18T12:06:53.033	0	0	0	anonymous	17921	0		0.0	0	0	0	0	0	0	0	0	0							0	0	BLOB	0	BLOB	BLOB	BLOB	0	4287664272	anonymous	2018-03-16T14:06:45.994
129	74	0	0	0	BLOB	HA-Amharische-Sprache_11-12-11_03-19-57_SB03	2018-01-18T12:06:53.493	1	0	0	anonymous	2913	0		1.0	0	0	0	0	0	0	0	0	0							0	0	BLOB	0	BLOB	BLOB	BLOB	0	4287664272	anonymous	2018-03-16T14:06:46.750
130	75	0	2	0	BLOB	HA-Analyse_16-02-29_10-07-01_SB01	2018-01-18T12:06:54.026	54	0	0	anonymous	19362	0		1.0	0	0	0	0	0	0	0	0	0							0	0	BLOB	0	BLOB	BLOB	BLOB	0	4287664272	anonymous	2018-03-29T09:11:30.232
131	76	0	0	0	BLOB	HA-Analyse-einer-kommunikativen-Herausforderung_11-12-13_24-29-	2018-01-18T12:07:00.766	87	0	0	anonymous	6837407	1		793.0	0	0	0	0	0	0	0	0	0							0	0	BLOB	0	BLOB	BLOB	BLOB	0	4287664272	anonymous	2018-03-29T09:04:32.658
132	77	0	0	0	BLOB	HA-Antike_15-03-19_15-02-44_SB02	2018-01-18T12:07:01.834	0	0	0	anonymous	32853	0		0.0	0	0	0	0	0	0	0	0	0							0	0	BLOB	0	BLOB	BLOB	BLOB	0	4287664272	anonymous	2018-03-16T14:07:22.528
133	78	0	0	0	BLOB	HA-Bantusprache_12-02-05_03-19-57_SB03	2018-01-18T12:07:02.302	5	0	0	anonymous	24498	0		1.0	0	0	0	0	0	0	0	0	0							0	0	BLOB	0	BLOB	BLOB	BLOB	0	4287664272	anonymous	2018-03-16T14:07:23.326
134	79	0	0	0	BLOB	HA-Bedrohte-Sprachen_14-04-16_10-08-86_SB12	2018-01-18T12:07:02.822	4	0	0	anonymous	36989	0		1.0	0	0	0	0	0	0	0	0	0							0	0	BLOB	0	BLOB	BLOB	BLOB	0	4287664272	anonymous	2018-03-16T14:07:23.966
135	80	0	0	0	BLOB	HA-Berkeley_16-04-20_07-22-61_SB02	2018-01-18T12:07:03.336	42	0	0	anonymous	45302	0		1.0	0	0	0	0	0	0	0	0	0							0	0	BLOB	0	BLOB	BLOB	BLOB	0	4287664272	anonymous	2018-03-16T14:07:24.572
136	81	0	0	0	BLOB	HA-Beschreibungen-Manuskripte_14-11-03_27-09-92_SB01	2018-01-18T12:07:03.933	0	0	0	anonymous	10773	0		0.0	0	0	0	0	0	0	0	0	0							0	0	BLOB	0	BLOB	BLOB	BLOB	0	4287664272	anonymous	2018-03-16T14:07:25.463
137	82	0	0	0	BLOB	HA-Bildungspolitische-Beratung_12-11-19_25-11-18_SB11	2018-01-18T12:07:04.393	4	0	0	anonymous	54103	0		1.0	0	0	0	0	0	0	0	0	0							0	0	BLOB	0	BLOB	BLOB	BLOB	0	4287664272	anonymous	2018-03-16T14:07:26.167
138	83	0	0	0	BLOB	HA-Bildungssprache_16-06-10_01-12-23_SB28	2018-01-18T12:07:04.913	0	0	0	anonymous	9603	0		0.0	0	0	0	0	0	0	0	0	0							0	0	BLOB	0	BLOB	BLOB	BLOB	0	4287664272	anonymous	2018-03-16T14:07:26.928
139	84	0	0	0	BLOB	HA-Bildungsstandarts_12-10-12_24-06-97_SB13	2018-01-18T12:07:05.573	8	0	0	anonymous	35600	0		1.0	0	0	0	0	0	0	0	0	0							0	0	BLOB	0	BLOB	BLOB	BLOB	0	4287664272	anonymous	2018-03-16T14:07:27.607
140	85	0	0	0	BLOB	HA-Bildungstheorie-und-qualitative-Bildungsforschung_13-03-07_2	2018-01-18T12:07:06.067	4	0	0	anonymous	17073	0		1.0	0	0	0	0	0	0	0	0	0							0	0	BLOB	0	BLOB	BLOB	BLOB	0	4287664272	anonymous	2018-03-16T14:07:28.421
141	86	0	0	0	BLOB	HA-Cassirer_12-02-05_15-24-58_SB03	2018-01-18T12:07:06.515	1	0	0	anonymous	3542	0		1.0	0	0	0	0	0	0	0	0	0							0	0	BLOB	0	BLOB	BLOB	BLOB	0	4287664272	anonymous	2018-03-16T14:07:29.078
142	87	0	0	0	BLOB	HA-Chancen-und-Risiken-des-DMP_12-05-28_12-12-72_SB16	2018-01-18T12:07:07.092	7	0	0	anonymous	27708	0		1.0	0	0	0	0	0	0	0	0	0							0	0	BLOB	0	BLOB	BLOB	BLOB	0	4287664272	anonymous	2018-03-16T14:07:29.691
143	88	0	0	0	BLOB	HA-Chancengleichheit_14-12-29_22-14-33_SB02	2018-01-18T12:07:07.732	4	0	0	anonymous	57624	0		1.0	0	0	0	0	0	0	0	0	0							0	0	BLOB	0	BLOB	BLOB	BLOB	0	4287664272	anonymous	2018-03-16T14:07:30.463
144	89	0	0	0	BLOB	HA-Chemiedidaktik_14-12-04_27-06-19_SB02	2018-01-18T12:07:08.210	12	0	0	anonymous	28636	0		1.0	0	0	0	0	0	0	0	0	0							0	0	BLOB	0	BLOB	BLOB	BLOB	0	4287664272	anonymous	2018-03-16T14:07:31.278
145	90	0	0	0	BLOB	HA-Dada-Teil3_14-10-17_10-07-01_SB01	2018-01-18T12:07:08.680	0	0	0	anonymous	9553	0		0.0	0	0	0	0	0	0	0	0	0							0	0	BLOB	0	BLOB	BLOB	BLOB	0	4287664272	anonymous	2018-03-16T14:07:32.092
146	91	0	0	0	BLOB	HA-der-Gebrauch-juedischer-Stereotypen-in-deutschen-Medien_12-0	2018-01-18T12:07:09.357	8	0	0	anonymous	41044	0		1.0	0	0	0	0	0	0	0	0	0							0	0	BLOB	0	BLOB	BLOB	BLOB	0	4287664272	anonymous	2018-03-16T14:07:32.618
147	92	0	0	0	BLOB	HA-Dezentralisierung_16-03-14_05-02-38_SB20	2018-01-18T12:07:09.949	0	0	0	anonymous	36923	0		0.0	0	0	0	0	0	0	0	0	0							0	0	BLOB	0	BLOB	BLOB	BLOB	0	4287664272	anonymous	2018-03-16T14:07:45.309
148	93	0	0	0	BLOB	HA-Digitale-Signale_11-11-22_31-23-46_WB06	2018-01-18T12:07:10.526	7	0	0	anonymous	59110	0		1.0	0	0	0	0	0	0	0	0	0							0	0	BLOB	0	BLOB	BLOB	BLOB	0	4287664272	anonymous	2018-03-16T14:07:46.117
149	94	0	0	0	BLOB	HA-Dilemma_16-10-23_02-16-02_WB06	2018-01-18T12:07:11.273	2	0	0	anonymous	83044	0		1.0	0	0	0	0	0	0	0	0	0							0	0	BLOB	0	BLOB	BLOB	BLOB	0	4287664272	anonymous	2018-03-16T14:07:47.008
150	95	0	0	0	BLOB	HA-Diskriminierung_15-11-12_07-22-40_WB53	2018-01-18T12:07:15.846	0	0	0	anonymous	24423657	1		0.0	0	0	0	0	0	0	0	0	0							0	0	BLOB	0	BLOB	BLOB	BLOB	0	4287664272	anonymous	2018-01-25T17:28:58.143
151	96	0	0	0	BLOB	HA-Dyslalie_13-06-15_25-26-16_WB06	2018-01-18T12:07:17.751	4	0	0	anonymous	47479	0		1.0	0	0	0	0	0	0	0	0	0							0	0	BLOB	0	BLOB	BLOB	BLOB	0	4287664272	anonymous	2018-03-16T14:07:47.978
152	97	0	0	0	BLOB	HA-Einleitung_13-08-25_21-02-74_SB03	2018-01-18T12:07:18.314	0	0	0	anonymous	2737	0		0.0	0	0	0	0	0	0	0	0	0							0	0	BLOB	0	BLOB	BLOB	BLOB	0	4287664272	anonymous	2018-03-16T14:07:48.629
153	98	0	0	0	BLOB	HA-Einleitung_14-09-01_19-11-02	2018-01-18T12:07:18.792	0	0	0	anonymous	2767	0		0.0	0	0	0	0	0	0	0	0	0							0	0	BLOB	0	BLOB	BLOB	BLOB	0	4287664272	anonymous	2018-03-16T14:07:49.127
154	99	0	0	0	BLOB	HA-Einleitung_16-02-28_10-07-01_SB01	2018-01-18T12:07:19.298	1	0	0	anonymous	8410	0		1.0	0	0	0	0	0	0	0	0	0							0	0	BLOB	0	BLOB	BLOB	BLOB	0	4287664272	anonymous	2018-03-16T14:07:49.652
155	100	0	0	0	BLOB	HA-Erlebnispaedagogik_13-04-17_31-10-43	2018-01-18T12:07:19.778	0	0	0	anonymous	12489	0		0.0	0	0	0	0	0	0	0	0	0							0	0	BLOB	0	BLOB	BLOB	BLOB	0	4287664272	anonymous	2018-03-16T14:07:50.117
156	101	0	0	0	BLOB	HA-Erziehung-Bildung-und-Sozialisation_14-03-12_05-14-47	2018-01-18T12:07:20.227	11	0	0	anonymous	24723	0		1.0	0	0	0	0	0	0	0	0	0							0	0	BLOB	0	BLOB	BLOB	BLOB	0	4287664272	anonymous	2018-03-16T14:07:50.906
157	102	0	0	0	BLOB	HA-Fachdidaktik_13-03-14_26-06-32_SB02	2018-01-18T12:07:20.746	7	0	0	anonymous	52017	0		1.0	0	0	0	0	0	0	0	0	0							0	0	BLOB	0	BLOB	BLOB	BLOB	0	4287664272	anonymous	2018-03-16T14:07:51.557
158	103	0	0	0	BLOB	HA-Fachdidaktik-Teil2_13-03-14_26-06-32_SB02	2018-01-18T12:07:21.482	11	0	0	anonymous	53840	0		1.0	0	0	0	0	0	0	0	0	0							0	0	BLOB	0	BLOB	BLOB	BLOB	0	4287664272	anonymous	2018-03-16T14:07:52.544
159	104	0	0	0	BLOB	HA-FrauenmitMigrationshintergrund_16-03-13_01-12-23_SB01	2018-01-18T12:07:22.191	8	0	0	anonymous	26830	0		1.0	0	0	0	0	0	0	0	0	0							0	0	BLOB	0	BLOB	BLOB	BLOB	0	4287664272	anonymous	2018-03-16T14:07:53.266
160	105	0	0	0	BLOB	HA-Gender_12-07-22_25-11-18_SB03	2018-01-18T12:07:22.679	0	0	0	anonymous	11150	0		0.0	0	0	0	0	0	0	0	0	0							0	0	BLOB	0	BLOB	BLOB	BLOB	0	4287664272	anonymous	2018-03-16T14:07:53.837
161	106	0	0	0	BLOB	HA-Geographie_15-01-15_05-02-38_SB02	2018-01-18T12:07:23.243	0	0	0	anonymous	22280	0		0.0	0	0	0	0	0	0	0	0	0							0	0	BLOB	0	BLOB	BLOB	BLOB	0	4287664272	anonymous	2018-03-16T14:07:54.525
162	107	0	0	0	BLOB	HA-Germanistik_15-11-05_10-20-96_SB20	2018-01-18T12:07:23.862	2	0	0	anonymous	41045	0		1.0	0	0	0	0	0	0	0	0	0							0	0	BLOB	0	BLOB	BLOB	BLOB	0	4287664272	anonymous	2018-03-16T14:07:55.288
163	108	0	0	0	BLOB	HA-Gleichberechtignung-in-der-Schule_12-03-21_06-07-80_SB13	2018-01-18T12:07:24.427	2	0	0	anonymous	30302	0		1.0	0	0	0	0	0	0	0	0	0							0	0	BLOB	0	BLOB	BLOB	BLOB	0	4287664272	anonymous	2018-03-16T14:07:56.279
164	109	0	0	0	BLOB	HA-Gliederung_14-09-15_07-20-88_SB02	2018-01-18T12:07:24.905	1	0	0	anonymous	1798	0		1.0	0	0	0	0	0	0	0	0	0							0	0	BLOB	0	BLOB	BLOB	BLOB	0	4287664272	anonymous	2018-03-16T14:07:57.060
165	110	0	0	0	BLOB	HA-Handlungskonzepte_13-10-12_31-10-43_SB03	2018-01-18T12:07:25.409	0	0	0	anonymous	14388	0		0.0	0	0	0	0	0	0	0	0	0							0	0	BLOB	0	BLOB	BLOB	BLOB	0	4287664272	anonymous	2018-03-16T14:07:57.585
166	111	0	0	0	BLOB	HA-Hauptteil1_16-02-28_10-07-01_SB01	2018-01-18T12:07:25.966	2	0	0	anonymous	26020	0		1.0	0	0	0	0	0	0	0	0	0							0	0	BLOB	0	BLOB	BLOB	BLOB	0	4287664272	anonymous	2018-03-16T14:07:58.162
167	112	0	0	0	BLOB	HA-Ich-Vorkommnisse_16-04-13_82-25-11_SB28	2018-01-18T12:07:26.478	31	0	0	anonymous	8775	0		1.0	0	0	0	0	0	0	0	0	0							0	0	BLOB	0	BLOB	BLOB	BLOB	0	4287664272	anonymous	2018-03-16T14:07:58.725
168	113	0	0	0	BLOB	HA-Industrie_16-09-19_26-12-43_SB29	2018-01-18T12:07:27.109	9	0	0	anonymous	48670	0		1.0	0	0	0	0	0	0	0	0	0							0	0	BLOB	0	BLOB	BLOB	BLOB	0	4287664272	anonymous	2018-03-16T14:07:59.260
169	114	0	0	0	BLOB	HA-Inklusion_14-12-29_22-14-33_SB02	2018-01-18T12:07:27.641	4	0	0	anonymous	44175	0		1.0	0	0	0	0	0	0	0	0	0							0	0	BLOB	0	BLOB	BLOB	BLOB	0	4287664272	anonymous	2018-03-16T14:08:00.059
170	115	0	0	0	BLOB	HA-Internet_12-09-30_25-11-18_SB16	2018-01-18T12:07:28.271	0	0	0	anonymous	42159	0		0.0	0	0	0	0	0	0	0	0	0							0	0	BLOB	0	BLOB	BLOB	BLOB	0	4287664272	anonymous	2018-03-16T14:08:00.916
171	116	0	0	0	BLOB	HA-Islam-in-Deutschland_12-12-16_08-03-18_SB13	2018-01-18T12:07:28.899	9	0	0	anonymous	45431	0		1.0	0	0	0	0	0	0	0	0	0							0	0	BLOB	0	BLOB	BLOB	BLOB	0	4287664272	anonymous	2018-03-16T14:08:01.687
172	117	0	0	0	BLOB	HA-Kinder-und-Jugendarbeit_13-04-22_31-10-43_SB11	2018-01-18T12:07:29.352	0	0	0	anonymous	8579	0		0.0	0	0	0	0	0	0	0	0	0							0	0	BLOB	0	BLOB	BLOB	BLOB	0	4287664272	anonymous	2018-03-16T14:08:02.279
173	118	0	0	0	BLOB	HA-Kinder-und-Jugendarbeit-Gliederung_13-04-29_31-10-43_SB11	2018-01-18T12:07:29.738	0	0	0	anonymous	8579	0		0.0	0	0	0	0	0	0	0	0	0							0	0	BLOB	0	BLOB	BLOB	BLOB	0	4287664272	anonymous	2018-03-16T14:08:02.790
174	119	0	0	0	BLOB	HA-kindliche-Spielkommunikation_12-10-08_11-13-38_SB13	2018-01-18T12:07:30.176	2	0	0	anonymous	27025	0		1.0	0	0	0	0	0	0	0	0	0							0	0	BLOB	0	BLOB	BLOB	BLOB	0	4287664272	anonymous	2018-03-16T14:08:03.351
175	120	0	0	0	BLOB	HA-Kollokationen_15-05-13_18-30-20_SB20	2018-01-18T12:07:30.811	1	0	0	anonymous	67964	0		1.0	0	0	0	0	0	0	0	0	0							0	0	BLOB	0	BLOB	BLOB	BLOB	0	4287664272	anonymous	2018-03-16T14:08:03.901
176	121	0	0	0	BLOB	HA-Kommentare_15-10-08_23-08-35	2018-01-18T12:07:31.381	0	0	0	anonymous	2854	0		0.0	0	0	0	0	0	0	0	0	0							0	0	BLOB	0	BLOB	BLOB	BLOB	0	4287664272	anonymous	2018-03-16T14:08:04.828
177	122	0	0	0	BLOB	HA-Konjunktion_14-09-15_29-02-94_SB03	2018-01-18T12:07:31.948	1	0	0	anonymous	22607	0		1.0	0	0	0	0	0	0	0	0	0							0	0	BLOB	0	BLOB	BLOB	BLOB	0	4287664272	anonymous	2018-03-16T14:08:05.276
178	123	0	0	0	BLOB	HA-Kooperatives-Lernen_12-05-07_14-11-77_WB51	2018-01-18T12:07:39.567	0	0	0	anonymous	9827325	1		0.0	0	0	0	0	0	0	0	0	0							0	0	BLOB	0	BLOB	BLOB	BLOB	0	4287664272	anonymous	2018-01-25T17:29:04.839
179	124	0	0	0	BLOB	HA-Kooperatives-Lernen_12-06-03_14-11-77_SB03	2018-01-18T12:07:40.708	38	0	0	anonymous	47513	0		1.0	0	0	0	0	0	0	0	0	0							0	0	BLOB	0	BLOB	BLOB	BLOB	0	4287664272	anonymous	2018-03-16T14:08:05.899
180	125	0	0	0	BLOB	HA-Lernen-durch-Lehren_13-05-23_08-03-18_SB13	2018-01-18T12:07:41.605	4	0	0	anonymous	129481	0		1.0	0	0	0	0	0	0	0	0	0							0	0	BLOB	0	BLOB	BLOB	BLOB	0	4287664272	anonymous	2018-03-16T14:08:06.928
181	126	0	0	0	BLOB	HA-Lesemotivation_15-06-02_21-02-74_SB01	2018-01-18T12:07:42.272	47	0	0	anonymous	22645	0		1.0	0	0	0	0	0	0	0	0	0							0	0	BLOB	0	BLOB	BLOB	BLOB	0	4287664272	anonymous	2018-03-16T14:08:08.104
182	127	0	0	0	BLOB	HA-Lesesozialisation_12-02-26_25-11-18_SB03	2018-01-18T12:07:42.852	0	0	0	anonymous	15171	0		0.0	0	0	0	0	0	0	0	0	0							0	0	BLOB	0	BLOB	BLOB	BLOB	0	4287664272	anonymous	2018-03-16T14:08:08.850
183	128	0	0	0	BLOB	HA-Linguistik-des-Russischen_12-06-15_14-03-93_SB16	2018-01-18T12:07:43.459	19	0	0	anonymous	63139	0		1.0	0	0	0	0	0	0	0	0	0							0	0	BLOB	0	BLOB	BLOB	BLOB	0	4287664272	anonymous	2018-03-16T14:08:09.680
184	129	0	0	0	BLOB	HA-Literatur_15-08-25_10-07-01_SB01	2018-01-18T12:07:44.089	1	0	0	anonymous	17743	0		1.0	0	0	0	0	0	0	0	0	0							0	0	BLOB	0	BLOB	BLOB	BLOB	0	4287664272	anonymous	2018-03-16T14:08:10.411
185	130	0	0	0	BLOB	HA-Literatur-Analyse_15-08-28_10-07-01_SB01	2018-01-18T12:07:44.595	8	0	0	anonymous	9213	0		1.0	0	0	0	0	0	0	0	0	0							0	0	BLOB	0	BLOB	BLOB	BLOB	0	4287664272	anonymous	2018-03-16T14:08:10.892
186	131	0	0	0	BLOB	HA-Literatur-Einleitung_15-08-25_10-07-01_SB01	2018-01-18T12:07:45.106	0	0	0	anonymous	8462	0		0.0	0	0	0	0	0	0	0	0	0							0	0	BLOB	0	BLOB	BLOB	BLOB	0	4287664272	anonymous	2018-03-16T14:08:11.673
187	132	0	0	0	BLOB	HA-Literatur-Resumee_15-09-04_10-07-01_SB01	2018-01-18T12:07:45.614	0	0	0	anonymous	3294	0		0.0	0	0	0	0	0	0	0	0	0							0	0	BLOB	0	BLOB	BLOB	BLOB	0	4287664272	anonymous	2018-03-16T14:08:12.235
188	133	0	0	0	BLOB	HA-Literatur-Schluss_15-09-04_10-07-01_SB01	2018-01-18T12:07:46.148	9	0	0	anonymous	15534	0		1.0	0	0	0	0	0	0	0	0	0							0	0	BLOB	0	BLOB	BLOB	BLOB	0	4287664272	anonymous	2018-03-16T14:08:13.039
189	134	0	0	0	BLOB	HA-Literaturverzeichnis-Anhang_16-02-29_10-07-01_SB01	2018-01-18T12:07:46.697	0	0	0	anonymous	37457	0		0.0	0	0	0	0	0	0	0	0	0							0	0	BLOB	0	BLOB	BLOB	BLOB	0	4287664272	anonymous	2018-03-16T14:08:16.229
190	135	0	0	0	BLOB	HA-Mathematikunterricht_16-02-29_01-12-23_SB28	2018-01-18T12:07:47.367	0	0	0	anonymous	33288	0		0.0	0	0	0	0	0	0	0	0	0							0	0	BLOB	0	BLOB	BLOB	BLOB	0	4287664272	anonymous	2018-03-16T14:08:16.942
191	136	0	0	0	BLOB	HA-Medien_15-06-14_20-27-20_SB01	2018-01-18T12:07:48.189	0	0	0	anonymous	30261	0		0.0	0	0	0	0	0	0	0	0	0							0	0	BLOB	0	BLOB	BLOB	BLOB	0	4287664272	anonymous	2018-03-16T14:08:17.567
192	137	0	0	0	BLOB	HA-Mehrsprachigkeit_15-08-12_29-02-94_SB28	2018-01-18T12:07:48.900	54	0	0	anonymous	26164	0		1.0	0	0	0	0	0	0	0	0	0							0	0	BLOB	0	BLOB	BLOB	BLOB	0	4287664272	anonymous	2018-03-16T14:08:18.320
193	138	0	0	0	BLOB	HA-Methodologie_13-07-15_21-02-74_SB03	2018-01-18T12:07:49.450	0	0	0	anonymous	9295	0		0.0	0	0	0	0	0	0	0	0	0							0	0	BLOB	0	BLOB	BLOB	BLOB	0	4287664272	anonymous	2018-03-16T14:08:18.956
194	139	0	0	0	BLOB	HA-Minderheiten-Tuerkei_15-04-10_25-25-64	2018-01-18T12:07:49.932	0	0	0	anonymous	36444	0		0.0	0	0	0	0	0	0	0	0	0							0	0	BLOB	0	BLOB	BLOB	BLOB	0	4287664272	anonymous	2018-03-16T14:08:19.528
195	140	0	0	0	BLOB	HA-Modalitaet_13-08-04_13-03-03_SB13	2018-01-18T12:07:50.444	0	0	0	anonymous	2398	0		0.0	0	0	0	0	0	0	0	0	0							0	0	BLOB	0	BLOB	BLOB	BLOB	0	4287664272	anonymous	2018-03-16T14:08:20.289
196	141	0	0	0	BLOB	HA-Modalitaet-Begriff_13-08-10_13-03-03_SB13	2018-01-18T12:07:50.935	5	0	0	anonymous	10225	0		1.0	0	0	0	0	0	0	0	0	0							0	0	BLOB	0	BLOB	BLOB	BLOB	0	4287664272	anonymous	2018-03-16T14:08:20.754
197	142	0	0	0	BLOB	HA-Modalitaet-Einleitung_13-08-10_13-03-03_SB13	2018-01-18T12:07:51.425	0	0	0	anonymous	2305	0		0.0	0	0	0	0	0	0	0	0	0							0	0	BLOB	0	BLOB	BLOB	BLOB	0	4287664272	anonymous	2018-03-16T14:08:21.254
198	143	0	0	0	BLOB	HA-Modalitaet-Gliederung_13-08-27_13-03-03	2018-01-18T12:07:51.896	0	0	0	anonymous	3320	0		0.0	0	0	0	0	0	0	0	0	0							0	0	BLOB	0	BLOB	BLOB	BLOB	0	4287664272	anonymous	2018-03-16T14:08:21.711
199	144	0	0	0	BLOB	HA-Modalverben_12-03-24_03-19-57_15-24-58_SB03	2018-01-18T12:07:52.361	14	0	0	anonymous	25814	0		1.0	0	0	0	0	0	0	0	0	0							0	0	BLOB	0	BLOB	BLOB	BLOB	0	4287664272	anonymous	2018-03-16T14:08:22.254
200	145	0	0	0	BLOB	HA-Motivation_15-12-07_24-05-64_SB02	2018-01-18T12:07:52.910	9	0	0	anonymous	19869	0		1.0	0	0	0	0	0	0	0	0	0							0	0	BLOB	0	BLOB	BLOB	BLOB	0	4287664272	anonymous	2018-03-16T14:08:22.793
201	146	0	0	0	BLOB	HA-Musik_15-08-24_20-28-40_SB20	2018-01-18T12:07:53.651	0	0	0	anonymous	68142	0		0.0	0	0	0	0	0	0	0	0	0							0	0	BLOB	0	BLOB	BLOB	BLOB	0	4287664272	anonymous	2018-03-16T14:08:23.409
202	147	0	0	0	BLOB	HA-Narative-Urbanen_15-05-20_29-02-94_SB28	2018-01-18T12:07:54.147	4	0	0	anonymous	25999	0		1.0	0	0	0	0	0	0	0	0	0							0	0	BLOB	0	BLOB	BLOB	BLOB	0	4287664272	anonymous	2018-03-16T14:08:24.161
203	148	0	0	0	BLOB	HA-Naturwissenschaft1_15-10-14_10-11-31_SB02	2018-01-18T12:07:54.702	0	0	0	anonymous	15034	0		0.0	0	0	0	0	0	0	0	0	0							0	0	BLOB	0	BLOB	BLOB	BLOB	0	4287664272	anonymous	2018-03-16T14:08:24.963
204	149	0	0	0	BLOB	HA-NdL_15-06-01_18-16-73_WB06	2018-01-18T12:07:55.265	34	0	0	anonymous	41046	0		1.0	0	0	0	0	0	0	0	0	0							0	0	BLOB	0	BLOB	BLOB	BLOB	0	4287664272	anonymous	2018-03-16T14:08:25.486
205	150	0	0	0	BLOB	HA-Ort-Raum-Raeumlichkeit_13-01-14_08-09-12_SB03	2018-01-18T12:07:55.780	2	0	0	anonymous	47949	0		1.0	0	0	0	0	0	0	0	0	0							0	0	BLOB	0	BLOB	BLOB	BLOB	0	4287664272	anonymous	2018-03-16T14:08:26.620
206	151	0	0	0	BLOB	HA-Philosophie-der-Kunst_11-12-05_10-03-13_WB06	2018-01-18T12:07:56.609	12	0	0	anonymous	40959	0		1.0	0	0	0	0	0	0	0	0	0							0	0	BLOB	0	BLOB	BLOB	BLOB	0	4287664272	anonymous	2018-03-16T14:08:27.758
207	152	0	0	0	BLOB	HA-Philosophieren-mit-Kindern_12-06-25_08-03-18_SB13	2018-01-18T12:07:57.244	24	0	0	anonymous	62043	0		1.0	0	0	0	0	0	0	0	0	0							0	0	BLOB	0	BLOB	BLOB	BLOB	0	4287664272	anonymous	2018-03-16T14:08:28.804
208	153	0	0	0	BLOB	HA-Phonologie_13-08-12_29-02-94	2018-01-18T12:07:57.910	0	0	0	anonymous	107846	0		0.0	0	0	0	0	0	0	0	0	0							0	0	BLOB	0	BLOB	BLOB	BLOB	0	4287664272	anonymous	2018-03-16T14:08:29.959
209	154	0	0	0	BLOB	HA-Phonologie-2_14-09-08_29-02-94_SB02	2018-01-18T12:07:58.564	1	0	0	anonymous	24119	0		1.0	0	0	0	0	0	0	0	0	0							0	0	BLOB	0	BLOB	BLOB	BLOB	0	4287664272	anonymous	2018-03-16T14:08:30.852
210	155	0	0	0	BLOB	HA-Phonologie-Dekblatt_13-08-12_29-02-94	2018-01-18T12:07:59.052	0	0	0	anonymous	778	0		0.0	0	0	0	0	0	0	0	0	0							0	0	BLOB	0	BLOB	BLOB	BLOB	0	4287664272	anonymous	2018-03-16T14:08:35.819
211	156	0	0	0	BLOB	HA-Phonologie-Gliederung_13-08-12_29-02-94	2018-01-18T12:07:59.522	0	0	0	anonymous	2716	0		0.0	0	0	0	0	0	0	0	0	0							0	0	BLOB	0	BLOB	BLOB	BLOB	0	4287664272	anonymous	2018-03-16T14:08:36.212
212	157	0	0	0	BLOB	HA-Phonologie-Kapitel-4_13-08-17_29-02-94_SB13	2018-01-18T12:08:00.077	3	0	0	anonymous	18616	0		1.0	0	0	0	0	0	0	0	0	0							0	0	BLOB	0	BLOB	BLOB	BLOB	0	4287664272	anonymous	2018-03-16T14:08:41.360
213	158	0	0	0	BLOB	HA-Plinius_15-03-23_15-02-44_SB02	2018-01-18T12:08:00.814	8	0	0	anonymous	24793	0		1.0	0	0	0	0	0	0	0	0	0							0	0	BLOB	0	BLOB	BLOB	BLOB	0	4287664272	anonymous	2018-03-16T14:08:41.804
214	159	0	0	0	BLOB	HA-Projektantrag_14-12-26_29-02-94_SB02	2018-01-18T12:08:01.714	1	0	0	anonymous	80802	0		1.0	0	0	0	0	0	0	0	0	0							0	0	BLOB	0	BLOB	BLOB	BLOB	0	4287664272	anonymous	2018-03-16T14:08:42.220
215	160	0	0	0	BLOB	HA-Publizitaet_14-03-24_28-07-11	2018-01-18T12:08:02.268	0	0	0	anonymous	3358	0		0.0	0	0	0	0	0	0	0	0	0							0	0	BLOB	0	BLOB	BLOB	BLOB	0	4287664272	anonymous	2018-03-16T14:08:42.739
216	161	0	0	0	BLOB	HA-reale-und-fiktive-historische-Figuren_12-09-15_24-09-67	2018-01-18T12:08:02.824	0	0	0	anonymous	24280	0		0.0	0	0	0	0	0	0	0	0	0							0	0	BLOB	0	BLOB	BLOB	BLOB	0	4287664272	anonymous	2018-03-16T14:09:00.847
217	162	0	0	0	BLOB	HA-Resumee_16-02-29_10-07-01_SB01	2018-01-18T12:08:03.339	0	0	0	anonymous	3483	0		0.0	0	0	0	0	0	0	0	0	0							0	0	BLOB	0	BLOB	BLOB	BLOB	0	4287664272	anonymous	2018-03-16T14:09:01.258
218	163	0	0	0	BLOB	HA-Rolle-der-Frau_15-02-09_16-02-00_SB02	2018-01-18T12:08:03.822	21	0	0	anonymous	41651	0		1.0	0	0	0	0	0	0	0	0	0							0	0	BLOB	0	BLOB	BLOB	BLOB	0	4287664272	anonymous	2018-03-16T14:09:01.640
219	164	0	0	0	BLOB	HA-Rolle-der-Frau-Uebersicht_15-02-18_16-02-00_SB02	2018-01-18T12:08:03.979	0	0	0	anonymous	55307	1		0.0	0	0	0	0	0	0	0	0	0							0	0	BLOB	0	BLOB	BLOB	BLOB	0	4287664272	anonymous	2018-01-25T17:29:13.680
220	165	0	0	0	BLOB	HA-Roman_13-03-17_24-09-67_WB06_SB01	2018-01-18T12:08:04.666	6	0	0	anonymous	42470	0		1.0	0	0	0	0	0	0	0	0	0							0	0	BLOB	0	BLOB	BLOB	BLOB	0	4287664272	anonymous	2018-03-16T14:09:02.390
221	166	0	0	0	BLOB	HA-Sachanalyse-Schule_15-06-10_01-12-23_SB28	2018-01-18T12:08:05.332	0	0	0	anonymous	13395	0		0.0	0	0	0	0	0	0	0	0	0							0	0	BLOB	0	BLOB	BLOB	BLOB	0	4287664272	anonymous	2018-03-16T14:09:03.014
222	167	0	0	0	BLOB	HA-Scaffolding-Anfang-Hauptteil_13-09-09_10-07-01_SB01	2018-01-18T12:08:05.805	0	0	0	anonymous	3332	0		0.0	0	0	0	0	0	0	0	0	0							0	0	BLOB	0	BLOB	BLOB	BLOB	0	4287664272	anonymous	2018-03-16T14:09:03.534
223	168	0	0	0	BLOB	HA-Scaffolding-Anhang_13-09-22_10-07-01_SB01	2018-01-18T12:08:06.280	0	0	0	anonymous	9269	0		0.0	0	0	0	0	0	0	0	0	0							0	0	BLOB	0	BLOB	BLOB	BLOB	0	4287664272	anonymous	2018-03-16T14:09:04.041
224	169	0	0	0	BLOB	HA-Scaffolding-Bildungssprache_13-09-16_10-07-01_SB01	2018-01-18T12:08:06.720	3	0	0	anonymous	18794	0		1.0	0	0	0	0	0	0	0	0	0							0	0	BLOB	0	BLOB	BLOB	BLOB	0	4287664272	anonymous	2018-03-16T14:09:04.603
225	170	0	0	0	BLOB	HA-Scaffolding-Bildungssprache-Ergaenzung_13-09-16_10-07-01_SB0	2018-01-18T12:08:07.155	2	0	0	anonymous	9354	0		1.0	0	0	0	0	0	0	0	0	0							0	0	BLOB	0	BLOB	BLOB	BLOB	0	4287664272	anonymous	2018-03-16T14:09:10.999
226	171	0	0	0	BLOB	HA-Scaffolding-Einleitung_13-09-02_10-07-01_SB01	2018-01-18T12:08:07.630	2	0	0	anonymous	8701	0		1.0	0	0	0	0	0	0	0	0	0							0	0	BLOB	0	BLOB	BLOB	BLOB	0	4287664272	anonymous	2018-03-16T14:09:11.396
227	172	0	0	0	BLOB	HA-Scaffolding-Scaffolding_13-09-22_10-07-01_SB01	2018-01-18T12:08:08.065	6	0	0	anonymous	17967	0		1.0	0	0	0	0	0	0	0	0	0							0	0	BLOB	0	BLOB	BLOB	BLOB	0	4287664272	anonymous	2018-03-16T14:09:11.755
228	173	0	0	0	BLOB	HA-Schreiben_15-05-11_06-07-35_SB02	2018-01-18T12:08:08.595	2	0	0	anonymous	28678	0		1.0	0	0	0	0	0	0	0	0	0							0	0	BLOB	0	BLOB	BLOB	BLOB	0	4287664272	anonymous	2018-03-16T14:09:12.322
229	174	0	0	0	BLOB	HA-Schriftlinguistik_15-09-02_10-19-88_SB20	2018-01-18T12:08:09.244	25	0	0	anonymous	83531	0		1.0	0	0	0	0	0	0	0	0	0							0	0	BLOB	0	BLOB	BLOB	BLOB	0	4287664272	anonymous	2018-03-16T14:09:13.090
230	175	0	0	0	BLOB	HA-Schulinspektionen_14-07-02_08-03-18	2018-01-18T12:08:09.739	0	0	0	anonymous	13488	0		0.0	0	0	0	0	0	0	0	0	0							0	0	BLOB	0	BLOB	BLOB	BLOB	0	4287664272	anonymous	2018-03-16T14:09:15.052
231	176	0	0	0	BLOB	HA-Sozialistischer-Realismus_14-06-23_11-19-02_SB15	2018-01-18T12:08:10.224	6	0	0	anonymous	14314	0		1.0	0	0	0	0	0	0	0	0	0							0	0	BLOB	0	BLOB	BLOB	BLOB	0	4287664272	anonymous	2018-03-16T14:09:15.529
232	177	0	0	0	BLOB	HA-Soziolinguistik_12-03-04_15-24-58_SB03	2018-01-18T12:08:10.696	0	0	0	anonymous	20254	0		0.0	0	0	0	0	0	0	0	0	0							0	0	BLOB	0	BLOB	BLOB	BLOB	0	4287664272	anonymous	2018-03-16T14:09:16.079
233	178	0	0	0	BLOB	HA-Soziologie-Integration_15-06-24_28-30-43_SB28	2018-01-18T12:08:11.247	6	0	0	anonymous	69845	0		1.0	0	0	0	0	0	0	0	0	0							0	0	BLOB	0	BLOB	BLOB	BLOB	0	4287664272	anonymous	2018-03-16T14:09:16.826
234	179	0	0	0	BLOB	HA-Sprache-Realismus_14-09-01_11-19-02	2018-01-18T12:08:11.798	7	0	0	anonymous	18806	0		1.0	0	0	0	0	0	0	0	0	0							0	0	BLOB	0	BLOB	BLOB	BLOB	0	4287664272	anonymous	2018-03-16T14:09:17.727
235	180	0	0	0	BLOB	HA-Stilmerkmale_15-10-13_10-20-96_SB20	2018-01-18T12:08:12.313	0	0	0	anonymous	17112	0		0.0	0	0	0	0	0	0	0	0	0							0	0	BLOB	0	BLOB	BLOB	BLOB	0	4287664272	anonymous	2018-03-16T14:09:18.292
236	181	0	0	0	BLOB	HA-Teilhabe_16-06-21_07-20-88_SB31	2018-01-18T12:08:12.862	0	0	0	anonymous	24720	0		0.0	0	0	0	0	0	0	0	0	0							0	0	BLOB	0	BLOB	BLOB	BLOB	0	4287664272	anonymous	2018-03-16T14:09:18.846
237	182	0	0	0	BLOB	HA-Texthabitualisierung_15-08-26_10-19-88_SB20	2018-01-18T12:08:13.958	9	0	0	anonymous	309497	0		1.0	0	0	0	0	0	0	0	0	0							0	0	BLOB	0	BLOB	BLOB	BLOB	0	4287664272	anonymous	2018-03-29T09:02:43.102
238	183	0	0	0	BLOB	HA-Tuerkei-Landeskunde_15-04-24_24-18-25	2018-01-18T12:08:14.515	0	0	0	anonymous	11753	0		0.0	0	0	0	0	0	0	0	0	0							0	0	BLOB	0	BLOB	BLOB	BLOB	0	4287664272	anonymous	2018-03-16T14:09:22.672
239	184	0	2	0	BLOB	HA-Vorlesungsgespraeche_12-12-02_26-06-32_SB02	2018-01-18T12:08:14.958	21	0	0	anonymous	40594	0		1.0	0	0	0	0	0	0	0	0	0							0	0	BLOB	0	BLOB	BLOB	BLOB	0	4287664272	anonymous	2018-03-16T14:09:23.260
240	185	0	0	0	BLOB	HA-Was-ist-Glaube_13-06-17_08-03-18_SB16	2018-01-18T12:08:15.551	5	0	0	anonymous	26477	0		1.0	0	0	0	0	0	0	0	0	0							0	0	BLOB	0	BLOB	BLOB	BLOB	0	4287664272	anonymous	2018-03-16T14:09:24.118
241	186	0	0	0	BLOB	HA-Wirtschaft_12-07-26_12-09-85_SB03	2018-01-18T12:08:16.046	0	0	0	anonymous	14386	0		0.0	0	0	0	0	0	0	0	0	0							0	0	BLOB	0	BLOB	BLOB	BLOB	0	4287664272	anonymous	2018-03-16T14:09:24.710
242	187	0	0	0	BLOB	HA-Zahlenketten_14-09-25_10-11-31_SB02	2018-01-18T12:08:16.778	0	0	0	anonymous	32930	0		0.0	0	0	0	0	0	0	0	0	0							0	0	BLOB	0	BLOB	BLOB	BLOB	0	4287664272	anonymous	2018-03-16T14:09:25.358
243	188	0	0	0	BLOB	HA-Zentralbank_15-09-27_23-08-35_SB28	2018-01-18T12:08:17.207	8	0	0	anonymous	9698	0		1.0	0	0	0	0	0	0	0	0	0							0	0	BLOB	0	BLOB	BLOB	BLOB	0	4287664272	anonymous	2018-03-16T14:09:25.878
244	189	0	0	0	BLOB	HAGender_13-10-11_21-02-26_SB12	2018-01-18T12:08:17.646	11	0	0	anonymous	45995	0		1.0	0	0	0	0	0	0	0	0	0							0	0	BLOB	0	BLOB	BLOB	BLOB	0	4287664272	anonymous	2018-03-16T14:09:26.429
245	190	0	0	0	BLOB	HAGenderTeil1_13-10-10_21-02-26_SB12	2018-01-18T12:08:18.122	8	0	0	anonymous	43824	0		1.0	0	0	0	0	0	0	0	0	0							0	0	BLOB	0	BLOB	BLOB	BLOB	0	4287664272	anonymous	2018-03-16T14:09:28.641
246	191	0	0	0	BLOB	HAGenderTeil2_13-10-21_21-02-26_SB12	2018-01-18T12:08:18.617	7	0	0	anonymous	23961	0		1.0	0	0	0	0	0	0	0	0	0							0	0	BLOB	0	BLOB	BLOB	BLOB	0	4287664272	anonymous	2018-03-16T14:09:30.889
247	192	0	0	0	BLOB	HASangkuriang_13-09-08_11-13-38	2018-01-18T12:08:19.093	7	0	0	anonymous	39895	0		1.0	0	0	0	0	0	0	0	0	0							0	0	BLOB	0	BLOB	BLOB	BLOB	0	4287664272	anonymous	2018-03-16T14:09:31.452
248	193	0	0	0	BLOB	Hausarbeit_15-12-17_01-12-32_WB06	2018-01-18T12:08:19.794	1	0	0	anonymous	210783	0		1.0	0	0	0	0	0	0	0	0	0							0	0	BLOB	0	BLOB	BLOB	BLOB	0	4287664272	anonymous	2018-03-16T14:09:32.530
249	194	0	0	0	BLOB	Hausarbeit-Demokratiebildung_13-10-20_05-18-57_SB12	2018-01-18T12:08:20.241	3	0	0	anonymous	13673	0		1.0	0	0	0	0	0	0	0	0	0							0	0	BLOB	0	BLOB	BLOB	BLOB	0	4287664272	anonymous	2018-03-16T14:09:34.563
250	195	0	0	0	BLOB	Hausarbeit-korrigiert_12-09-11_31-23-46	2018-01-18T12:08:20.321	0	0	0	anonymous	1971892	1		0.0	0	0	0	0	0	0	0	0	0							0	0	BLOB	0	BLOB	BLOB	BLOB	0	4287664272	anonymous	2018-01-25T17:29:21.419
251	196	0	0	0	BLOB	Hausarbeit-Scaffolding_13-10-06_10-07-01_SB12	2018-01-18T12:08:20.811	10	0	0	anonymous	54429	0		1.0	0	0	0	0	0	0	0	0	0							0	0	BLOB	0	BLOB	BLOB	BLOB	0	4287664272	anonymous	2018-03-16T14:09:35.373
252	197	0	0	0	BLOB	Inhaltsverzeichnis_12-08-14_31-23-46	2018-01-18T12:08:20.937	0	0	0	anonymous	92652	1		0.0	0	0	0	0	0	0	0	0	0							0	0	BLOB	0	BLOB	BLOB	BLOB	0	4287664272	anonymous	2018-01-25T17:29:21.929
253	198	0	0	0	BLOB	Interviewfragen_15-11-30_23-21-75_SB02	2018-01-18T12:08:21.370	0	0	0	anonymous	12565	0		0.0	0	0	0	0	0	0	0	0	0							0	0	BLOB	0	BLOB	BLOB	BLOB	0	4287664272	anonymous	2018-03-16T14:09:36.324
254	199	0	0	0	BLOB	Klausurvorbereitung_13-03-04_23-18-84_SB16	2018-01-18T12:08:21.800	12	0	0	anonymous	33035	0		1.0	0	0	0	0	0	0	0	0	0							0	0	BLOB	0	BLOB	BLOB	BLOB	0	4287664272	anonymous	2018-03-16T14:09:36.942
255	200	0	0	0	BLOB	MA_15-07-15_25-20-56_SB20	2018-01-18T12:08:22.391	0	0	0	anonymous	610	0		0.0	0	0	0	0	0	0	0	0	0							0	0	BLOB	0	BLOB	BLOB	BLOB	0	4287664272	anonymous	2018-03-16T14:09:37.696
256	201	0	0	0	BLOB	MA-Auswertung_16-07-25_23-21-75_SB02	2018-01-18T12:08:22.852	0	0	0	anonymous	15060	0		0.0	0	0	0	0	0	0	0	0	0							0	0	BLOB	0	BLOB	BLOB	BLOB	0	4287664272	anonymous	2018-03-16T14:09:38.246
257	202	0	0	0	BLOB	MA-Einleitung_15-10-29_25-20-56_SB20	2018-01-18T12:08:23.289	0	0	0	anonymous	3968	0		0.0	0	0	0	0	0	0	0	0	0							0	0	BLOB	0	BLOB	BLOB	BLOB	0	4287664272	anonymous	2018-03-16T14:09:38.867
258	203	0	0	0	BLOB	MA-Ergebnisse_16-07-25_23-21-75_SB02	2018-01-18T12:08:23.804	24	0	0	anonymous	37011	0		1.0	0	0	0	0	0	0	0	0	0							0	0	BLOB	0	BLOB	BLOB	BLOB	0	4287664272	anonymous	2018-03-16T14:09:39.372
259	204	0	0	0	BLOB	MA-Ergebnisse-Interpretation_16-07-05_23-21-27_SB02	2018-01-18T12:08:24.338	3	0	0	anonymous	57320	0		1.0	0	0	0	0	0	0	0	0	0							0	0	BLOB	0	BLOB	BLOB	BLOB	0	4287664272	anonymous	2018-03-16T14:09:40.049
260	205	0	0	0	BLOB	MA-Erziehung-Bildung-und-Sozialisation_14-03-16_05-14-47_SB11	2018-01-18T12:08:24.823	10	0	0	anonymous	24383	0		1.0	0	0	0	0	0	0	0	0	0							0	0	BLOB	0	BLOB	BLOB	BLOB	0	4287664272	anonymous	2018-03-16T14:09:41.048
261	206	0	0	0	BLOB	MA-Expose_11-11-28_19-23-29	2018-01-18T12:08:25.243	6	0	0	anonymous	9757	0		1.0	0	0	0	0	0	0	0	0	0							0	0	BLOB	0	BLOB	BLOB	BLOB	0	4287664272	anonymous	2018-03-16T14:09:45.973
262	207	0	0	0	BLOB	MA-Expose_12-01-18_19-23-29_SB14	2018-01-18T12:08:25.715	18	0	0	anonymous	12606	0		1.0	0	0	0	0	0	0	0	0	0							0	0	BLOB	0	BLOB	BLOB	BLOB	0	4287664272	anonymous	2018-03-16T14:09:46.405
263	208	0	0	0	BLOB	MA-Fazit_16-08-01_23-21-75_SB02	2018-01-18T12:08:26.173	1	0	0	anonymous	17306	0		1.0	0	0	0	0	0	0	0	0	0							0	0	BLOB	0	BLOB	BLOB	BLOB	0	4287664272	anonymous	2018-03-16T14:09:46.855
264	209	0	0	0	BLOB	MA-Fragebogen_11-11-28_19-23-29	2018-01-18T12:08:26.629	35	0	0	anonymous	13770	0		1.0	0	0	0	0	0	0	0	0	0							0	0	BLOB	0	BLOB	BLOB	BLOB	0	4287664272	anonymous	2018-03-16T14:09:47.576
265	210	0	0	0	BLOB	MA-Gliederung_15-07-15_23-21-75_SB02	2018-01-18T12:08:27.164	17	0	0	anonymous	17625	0		1.0	0	0	0	0	0	0	0	0	0							0	0	BLOB	0	BLOB	BLOB	BLOB	0	4287664272	anonymous	2018-03-16T14:09:48.231
266	211	0	0	0	BLOB	MA-Gliederung_16-06-11_01-12-83_SB02	2018-01-18T12:08:27.631	0	0	0	anonymous	20476	0		0.0	0	0	0	0	0	0	0	0	0							0	0	BLOB	0	BLOB	BLOB	BLOB	0	4287664272	anonymous	2018-03-16T14:09:54.945
267	212	0	0	0	BLOB	MA-Gliederungsskizze_15-10-12_08-12-38_SB02	2018-01-18T12:08:28.136	0	0	0	anonymous	11982	0		0.0	0	0	0	0	0	0	0	0	0							0	0	BLOB	0	BLOB	BLOB	BLOB	0	4287664272	anonymous	2018-03-16T14:09:55.587
268	213	0	0	0	BLOB	MA-Interkulturelle-Oeffnung_16-04-29_23-21-75_SB02	2018-01-18T12:08:28.593	0	0	0	anonymous	14294	0		0.0	0	0	0	0	0	0	0	0	0							0	0	BLOB	0	BLOB	BLOB	BLOB	0	4287664272	anonymous	2018-03-16T14:09:56.097
269	214	0	0	0	BLOB	MA-Kap-4-1-Vorgehen-Erhebung_15-10-30_08-12-38_SB02	2018-01-18T12:08:29.182	0	0	0	anonymous	120919	0		0.0	0	0	0	0	0	0	0	0	0							0	0	BLOB	0	BLOB	BLOB	BLOB	0	4287664272	anonymous	2018-03-16T14:09:56.736
270	215	0	0	0	BLOB	MA-Kap-4-3-Auswertung-und-Analyse_15-10-30_08-12-38_SB02	2018-01-18T12:08:29.697	1	0	0	anonymous	16217	0		1.0	0	0	0	0	0	0	0	0	0							0	0	BLOB	0	BLOB	BLOB	BLOB	0	4287664272	anonymous	2018-03-16T14:09:57.724
271	216	0	0	0	BLOB	MA-KinderJugendArbeit_16-05-27_08-12-38_SB02	2018-01-18T12:08:30.351	0	0	0	anonymous	41989	0		0.0	0	0	0	0	0	0	0	0	0							0	0	BLOB	0	BLOB	BLOB	BLOB	0	4287664272	anonymous	2018-03-16T14:09:58.440
272	217	0	0	0	BLOB	MA-Kinderschutzkonzepte_16-08-19_08-12-38_SB02	2018-01-18T12:08:31.022	0	0	0	anonymous	101809	0		0.0	0	0	0	0	0	0	0	0	0							0	0	BLOB	0	BLOB	BLOB	BLOB	0	4287664272	anonymous	2018-03-16T14:09:59.601
273	218	0	0	0	BLOB	MA-KJH_16-05-03_08-12-38_SB02	2018-01-18T12:08:31.683	0	0	0	anonymous	126540	0		0.0	0	0	0	0	0	0	0	0	0							0	0	BLOB	0	BLOB	BLOB	BLOB	0	4287664272	anonymous	2018-03-16T14:10:01.116
274	219	0	0	0	BLOB	MA-KJH-Einleitung_16-07-20_08-12-38_SB02	2018-01-18T12:08:32.213	0	0	0	anonymous	15209	0		0.0	0	0	0	0	0	0	0	0	0							0	0	BLOB	0	BLOB	BLOB	BLOB	0	4287664272	anonymous	2018-03-16T14:10:02.254
275	220	0	0	0	BLOB	MA-Leitfadeninterview_15-11-19_23-21-75_SB02	2018-01-18T12:08:32.697	0	0	0	anonymous	12672	0		0.0	0	0	0	0	0	0	0	0	0							0	0	BLOB	0	BLOB	BLOB	BLOB	0	4287664272	anonymous	2018-03-16T14:10:02.707
276	221	0	2	0	BLOB	MA-Prozessdatei_15-07-07_11-24-33_SB02	2018-01-18T12:08:34.070	154	0	0	anonymous	435801	0		1.0	0	0	0	0	0	0	0	0	0							0	0	BLOB	0	BLOB	BLOB	BLOB	0	4287664272	anonymous	2018-03-16T14:11:06.797
277	222	0	0	0	BLOB	MA-Schlusswort_14-02-02_10-01-69_SB03	2018-01-18T12:08:34.699	3	0	0	anonymous	18051	0		1.0	0	0	0	0	0	0	0	0	0							0	0	BLOB	0	BLOB	BLOB	BLOB	0	4287664272	anonymous	2018-03-16T14:10:12.636
278	223	0	0	0	BLOB	MA-Sprachkurse_15-12-17_07-16-13_WB06	2018-01-18T12:08:36.638	6	0	0	anonymous	377268	0		1.0	0	0	0	0	0	0	0	0	0							0	0	BLOB	0	BLOB	BLOB	BLOB	0	4287664272	anonymous	2018-03-16T14:10:13.171
279	224	0	0	0	BLOB	MA-Vorgehen-Erhebung_15-11-30_08-12-38_SB02	2018-01-18T12:08:37.438	0	0	0	anonymous	121808	0		0.0	0	0	0	0	0	0	0	0	0							0	0	BLOB	0	BLOB	BLOB	BLOB	0	4287664272	anonymous	2018-03-16T14:10:14.666
280	225	0	2	0	BLOB	MA-Zusammenfassungsmaske_16-06-14_23-21-75_SB02	2018-01-18T12:08:38.249	114	0	0	anonymous	288492	0		1.0	0	0	0	0	0	0	0	0	0							0	0	BLOB	0	BLOB	BLOB	BLOB	0	4287664272	anonymous	2018-03-16T14:10:15.728
281	226	0	0	0	BLOB	MA-Zusammenfassungsmaske-Endversion_16-06-28_23-21-75_SB02	2018-01-18T12:08:39.105	115	0	0	anonymous	291485	0		1.0	0	0	0	0	0	0	0	0	0							0	0	BLOB	0	BLOB	BLOB	BLOB	0	4287664272	anonymous	2018-03-16T14:10:17.544
282	227	0	0	0	BLOB	Magisterarbeit_12-04-09_02-27-95_SB13	2018-01-18T12:08:39.854	0	0	0	anonymous	59927	0		0.0	0	0	0	0	0	0	0	0	0							0	0	BLOB	0	BLOB	BLOB	BLOB	0	4287664272	anonymous	2018-03-16T14:10:18.378
283	228	0	2	0	BLOB	Magisterarbeit-Begriff-Disziplin_12-11-12_09-19-81_SB13	2018-01-18T12:08:40.355	1	0	0	anonymous	10167	0		1.0	0	0	0	0	0	0	0	0	0							0	0	BLOB	0	BLOB	BLOB	BLOB	0	4287664272	anonymous	2018-03-16T14:10:19.015
284	229	0	0	0	BLOB	Magisterarbeit-Begriffe_12-04-22_22-01-33	2018-01-18T12:08:40.795	4	0	0	anonymous	22508	0		1.0	0	0	0	0	0	0	0	0	0							0	0	BLOB	0	BLOB	BLOB	BLOB	0	4287664272	anonymous	2018-03-16T14:10:19.420
285	230	0	0	0	BLOB	Magisterarbeit-Einleitung_12-03-05_02-27-95_SB13	2018-01-18T12:08:40.907	0	0	0	anonymous	3377462	1		0.0	0	0	0	0	0	0	0	0	0							0	0	BLOB	0	BLOB	BLOB	BLOB	0	4287664272	anonymous	2018-01-25T17:29:30.778
286	231	0	0	0	BLOB	Magisterarbeit-Einleitung_12-10-01_04-18-70_SB13	2018-01-18T12:08:41.132	1	0	0	anonymous	3689111	1		656.0	0	0	0	0	0	0	0	0	0							0	0	BLOB	0	BLOB	BLOB	BLOB	0	4287664272	anonymous	2018-02-21T15:09:23.354
287	232	0	0	0	BLOB	Magisterarbeit-Einleitung_13-05-29_04-18-70_SB11	2018-01-18T12:08:41.754	11	0	0	anonymous	11137	0		1.0	0	0	0	0	0	0	0	0	0							0	0	BLOB	0	BLOB	BLOB	BLOB	0	4287664272	anonymous	2018-03-16T14:10:19.809
288	233	0	0	0	BLOB	Magisterarbeit-Einzelabschnitte_12-06-27_02-27-95_SB13	2018-01-18T12:08:42.217	0	0	0	anonymous	3090	0		0.0	0	0	0	0	0	0	0	0	0							0	0	BLOB	0	BLOB	BLOB	BLOB	0	4287664272	anonymous	2018-03-16T14:10:20.147
289	234	0	0	0	BLOB	Magisterarbeit-Forschungsstand_12-10-05_04-18-70_SB13	2018-01-18T12:10:12.585	0	0	0	anonymous	14307809	1		0.0	0	0	0	0	0	0	0	0	0							0	0	BLOB	0	BLOB	BLOB	BLOB	0	4287664272	anonymous	2018-01-25T17:29:33.456
290	235	0	0	0	BLOB	Magisterarbeit-Fragebogen_12-12-10_09-19-81_SB13	2018-01-18T12:10:13.890	0	0	0	anonymous	1861	0		0.0	0	0	0	0	0	0	0	0	0							0	0	BLOB	0	BLOB	BLOB	BLOB	0	4287664272	anonymous	2018-03-16T14:10:20.496
291	236	0	0	0	BLOB	Magisterarbeit-Fragebogenauswertung_13-05-10_09-19-81_SB13	2018-01-18T12:10:14.628	24	0	0	anonymous	13498	0		1.0	0	0	0	0	0	0	0	0	0							0	0	BLOB	0	BLOB	BLOB	BLOB	0	4287664272	anonymous	2018-03-16T14:10:20.864
292	237	0	0	0	BLOB	Magisterarbeit-Kap-3_13-04-14_04-18-70_SB13	2018-01-18T12:10:15.119	1	0	0	anonymous	17311	0		1.0	0	0	0	0	0	0	0	0	0							0	0	BLOB	0	BLOB	BLOB	BLOB	0	4287664272	anonymous	2018-03-16T14:10:21.243
293	238	0	0	0	BLOB	Magisterarbeit-Kap-3-Uebung_13-04-15_04-18-70	2018-01-18T12:10:15.562	0	0	0	anonymous	15448	0		0.0	0	0	0	0	0	0	0	0	0							0	0	BLOB	0	BLOB	BLOB	BLOB	0	4287664272	anonymous	2018-03-16T14:10:21.614
294	239	0	0	0	BLOB	Magisterarbeit-Literaturverzeichnis_12-11-19_09-19-81_SB13	2018-01-18T12:10:16.030	0	0	0	anonymous	3785	0		0.0	0	0	0	0	0	0	0	0	0							0	0	BLOB	0	BLOB	BLOB	BLOB	0	4287664272	anonymous	2018-03-16T14:10:21.987
295	240	0	0	0	BLOB	Magisterarbeit-Praetext_12-04-23_02-27-95_SB13	2018-01-18T12:10:16.571	0	0	0	anonymous	16815	0		0.0	0	0	0	0	0	0	0	0	0							0	0	BLOB	0	BLOB	BLOB	BLOB	0	4287664272	anonymous	2018-03-16T14:10:22.368
296	241	0	0	0	BLOB	Magisterarbeit-Seite-89_13-06-03_02-27-95_SB16	2018-01-18T12:10:17.092	0	0	0	anonymous	11831	0		0.0	0	0	0	0	0	0	0	0	0							0	0	BLOB	0	BLOB	BLOB	BLOB	0	4287664272	anonymous	2018-03-16T14:10:22.721
297	242	0	0	0	BLOB	Magisterarbeit-Theorie_13-04-07_04-18-70_SB13	2018-01-18T12:10:17.575	3	0	0	anonymous	19354	0		1.0	0	0	0	0	0	0	0	0	0							0	0	BLOB	0	BLOB	BLOB	BLOB	0	4287664272	anonymous	2018-03-16T14:10:23.171
298	243	0	0	0	BLOB	Magisterarbeit-Titelblatt_13-09-14_04-18-70	2018-01-18T12:10:18.028	0	0	0	anonymous	1264	0		0.0	0	0	0	0	0	0	0	0	0							0	0	BLOB	0	BLOB	BLOB	BLOB	0	4287664272	anonymous	2018-03-16T14:10:23.530
299	244	0	0	0	BLOB	Magisterarbeit-Uebersetzung_12-10-22_02-27-95_SB01	2018-01-18T12:10:18.153	0	0	0	anonymous	4794506	1		0.0	0	0	0	0	0	0	0	0	0							0	0	BLOB	0	BLOB	BLOB	BLOB	0	4287664272	anonymous	2018-01-25T17:29:35.955
300	245	0	0	0	BLOB	Metapher_13-04-28_21-02-74	2018-01-18T12:10:18.821	0	0	0	anonymous	1146	0		0.0	0	0	0	0	0	0	0	0	0							0	0	BLOB	0	BLOB	BLOB	BLOB	0	4287664272	anonymous	2018-03-16T14:10:23.866
301	246	0	0	0	BLOB	Modulabschlusspruefung-Genderansaetze-in-der-Jugendarbeit_13-04	2018-01-18T12:10:19.442	1	0	0	anonymous	61831	0		1.0	0	0	0	0	0	0	0	0	0							0	0	BLOB	0	BLOB	BLOB	BLOB	0	4287664272	anonymous	2018-03-16T14:10:24.273
302	247	0	0	0	BLOB	Motivationsschreiben_13-07-08_21-02-74_SB03	2018-01-18T12:10:19.960	2	0	0	anonymous	3471	0		1.0	0	0	0	0	0	0	0	0	0							0	0	BLOB	0	BLOB	BLOB	BLOB	0	4287664272	anonymous	2018-03-16T14:10:24.902
303	248	0	0	0	BLOB	Notizen_12-09-12_31-23-46_WB06	2018-01-18T12:10:20.493	5	0	0	anonymous	10760	0		1.0	0	0	0	0	0	0	0	0	0							0	0	BLOB	0	BLOB	BLOB	BLOB	0	4287664272	anonymous	2018-03-16T14:10:25.261
304	249	0	0	0	BLOB	Portfolio_13-02-18_21-02-74_SB03_SB02	2018-01-18T12:10:20.634	0	0	0	anonymous	1096548	1		0.0	0	0	0	0	0	0	0	0	0							0	0	BLOB	0	BLOB	BLOB	BLOB	0	4287664272	anonymous	2018-01-25T17:29:37.067
305	250	0	0	0	BLOB	Poster_16-10-02_01-12-23_SB28	2018-01-18T12:10:21.178	0	0	0	anonymous	3054	0		0.0	0	0	0	0	0	0	0	0	0							0	0	BLOB	0	BLOB	BLOB	BLOB	0	4287664272	anonymous	2018-03-16T14:10:25.623
306	251	0	0	0	BLOB	Protokoll_12-01-07_03-19-57_SB03	2018-01-18T12:10:21.608	0	0	0	anonymous	35598	0		0.0	0	0	0	0	0	0	0	0	0							0	0	BLOB	0	BLOB	BLOB	BLOB	0	4287664272	anonymous	2018-03-16T14:10:25.991
307	252	0	0	0	BLOB	Protokoll-FDGS_15-05-20_21-02-74_SB01	2018-01-18T12:10:22.088	0	0	0	anonymous	17031	0		0.0	0	0	0	0	0	0	0	0	0							0	0	BLOB	0	BLOB	BLOB	BLOB	0	4287664272	anonymous	2018-03-16T14:10:26.370
308	253	0	0	0	BLOB	Quelleninterpretation_16-03-29_21-02-74_SB01	2018-01-18T12:10:22.604	6	0	0	anonymous	14763	0		1.0	0	0	0	0	0	0	0	0	0							0	0	BLOB	0	BLOB	BLOB	BLOB	0	4287664272	anonymous	2018-03-16T14:10:26.744
309	254	0	0	0	BLOB	Referat_14-12-15_15-02-44_SB02	2018-01-18T12:10:23.170	0	0	0	anonymous	28494	0		0.0	0	0	0	0	0	0	0	0	0							0	0	BLOB	0	BLOB	BLOB	BLOB	0	4287664272	anonymous	2018-03-16T14:10:27.144
310	255	0	0	0	BLOB	resuemee_13-06-06_10-07-01	2018-01-18T12:10:23.662	0	0	0	anonymous	1930	0		0.0	0	0	0	0	0	0	0	0	0							0	0	BLOB	0	BLOB	BLOB	BLOB	0	4287664272	anonymous	2018-03-16T14:10:27.695
311	256	0	0	0	BLOB	Schulportraet_15-01-26_01-12-32_SB02	2018-01-18T12:10:24.159	0	0	0	anonymous	11087	0		0.0	0	0	0	0	0	0	0	0	0							0	0	BLOB	0	BLOB	BLOB	BLOB	0	4287664272	anonymous	2018-03-16T14:10:28.054
312	257	0	0	0	BLOB	Sprachenmaennchen_13-09-09_21-02-74	2018-01-18T12:10:24.646	17	0	0	anonymous	2141	0		1.0	0	0	0	0	0	0	0	0	0							0	0	BLOB	0	BLOB	BLOB	BLOB	0	4287664272	anonymous	2018-03-16T14:10:28.394
313	258	0	0	0	BLOB	Text-Beobachten_11-12-11_25-11-18_SB03	2018-01-18T12:10:25.145	3	0	0	anonymous	19106	0		1.0	0	0	0	0	0	0	0	0	0							0	0	BLOB	0	BLOB	BLOB	BLOB	0	4287664272	anonymous	2018-03-16T14:10:28.797
314	259	0	0	0	BLOB	Text-Evaluation_12-01-07_25-11-18_SB03	2018-01-18T12:10:25.676	0	0	0	anonymous	11035	0		0.0	0	0	0	0	0	0	0	0	0							0	0	BLOB	0	BLOB	BLOB	BLOB	0	4287664272	anonymous	2018-03-16T14:10:29.145
315	260	0	0	0	BLOB	Text-Zusammenfassung-Petersen_12-01-29_25-11-18_SB03	2018-01-18T12:10:26.135	6	0	0	anonymous	21780	0		1.0	0	0	0	0	0	0	0	0	0							0	0	BLOB	0	BLOB	BLOB	BLOB	0	4287664272	anonymous	2018-03-16T14:10:29.508
316	261	0	0	0	BLOB	Textbeispiel_11-12-08_12-15-99	2018-01-18T12:10:26.677	0	0	0	anonymous	21851	0		0.0	0	0	0	0	0	0	0	0	0							0	0	BLOB	0	BLOB	BLOB	BLOB	0	4287664272	anonymous	2018-03-16T14:10:29.910
317	262	0	0	0	BLOB	Textbeispiel-ueberarbeitet_11-12-08_12-15-99	2018-01-18T12:10:27.293	0	0	0	anonymous	45187	0		0.0	0	0	0	0	0	0	0	0	0							0	0	BLOB	0	BLOB	BLOB	BLOB	0	4287664272	anonymous	2018-03-16T14:10:30.323
318	263	0	0	0	BLOB	Textentwurf_12-09-04_06-07-80_SB15	2018-01-18T12:10:27.829	3	0	0	anonymous	2918	0		1.0	0	0	0	0	0	0	0	0	0							0	0	BLOB	0	BLOB	BLOB	BLOB	0	4287664272	anonymous	2018-03-16T14:10:30.960
319	264	0	0	0	BLOB	Textzusammenfassung_16-01-04_19-94-77_SB01	2018-01-18T12:10:28.309	4	0	0	anonymous	10482	0		1.0	0	0	0	0	0	0	0	0	0							0	0	BLOB	0	BLOB	BLOB	BLOB	0	4287664272	anonymous	2018-03-16T14:10:31.297
320	265	0	0	0	BLOB	Two-Pager_12-09-11_31-23-46	2018-01-18T12:10:28.800	3	0	0	anonymous	9898	0		1.0	0	0	0	0	0	0	0	0	0							0	0	BLOB	0	BLOB	BLOB	BLOB	0	4287664272	anonymous	2018-03-16T14:10:31.632
321	266	0	0	0	BLOB	Uebergangssystem-freigeschrieben_13-06-07_24-29-07	2018-01-18T12:10:29.327	39	0	0	anonymous	47135	0		1.0	0	0	0	0	0	0	0	0	0							0	0	BLOB	0	BLOB	BLOB	BLOB	0	4287664272	anonymous	2018-03-16T14:10:32.077
322	267	0	0	0	BLOB	Uebung_13-04-15_21-02-74	2018-01-18T12:10:29.460	0	0	0	anonymous	1412884	1		0.0	0	0	0	0	0	0	0	0	0							0	0	BLOB	0	BLOB	BLOB	BLOB	0	4287664272	anonymous	2018-01-25T17:29:40.632
323	268	0	0	0	BLOB	Uebungstext_12-04-01_03-19-57_SB13	2018-01-18T12:10:29.939	1	0	0	anonymous	9054	0		1.0	0	0	0	0	0	0	0	0	0							0	0	BLOB	0	BLOB	BLOB	BLOB	0	4287664272	anonymous	2018-03-16T14:10:32.668
324	269	0	0	0	BLOB	Uebungstext-Zweisprachigkeit_11-12-31_15-24-58_SB13	2018-01-18T12:10:30.394	0	0	0	anonymous	10231	0		0.0	0	0	0	0	0	0	0	0	0							0	0	BLOB	0	BLOB	BLOB	BLOB	0	4287664272	anonymous	2018-03-16T14:10:33.050
325	270	0	0	0	BLOB	Unterrichtsentwurf_16-09-19_01-12-23_SB28	2018-01-18T12:10:30.939	0	0	0	anonymous	24845	0		0.0	0	0	0	0	0	0	0	0	0							0	0	BLOB	0	BLOB	BLOB	BLOB	0	4287664272	anonymous	2018-03-16T14:10:33.402
326	271	0	2	0	BLOB	Vortrag-Neue-Frau_15-12-03_17-05-89_SB20	2018-01-18T12:10:31.557	5	0	0	anonymous	28255	0		1.0	0	0	0	0	0	0	0	0	0							0	0	BLOB	0	BLOB	BLOB	BLOB	0	4287664272	anonymous	2018-03-16T14:10:33.848
327	272	0	0	0	BLOB	Zusammenfassug-Vortrag-RIngvorlesung_13-02-18_21-02-74_SB02	2018-01-18T12:10:32.050	0	0	0	anonymous	3311	0		0.0	0	0	0	0	0	0	0	0	0							0	0	BLOB	0	BLOB	BLOB	BLOB	0	4287664272	anonymous	2018-03-16T14:10:34.356
328	273	0	0	0	BLOB	Zusammenfassung1_13-10-19_21-02-74	2018-01-18T12:10:32.508	1	0	0	anonymous	2660	0		1.0	0	0	0	0	0	0	0	0	0							0	0	BLOB	0	BLOB	BLOB	BLOB	0	4287664272	anonymous	2018-03-16T14:10:34.699
329	274	0	0	0	BLOB	Zusammenfassung2_13-10-27_21-02-74	2018-01-18T12:10:32.995	1	0	0	anonymous	1967	0		1.0	0	0	0	0	0	0	0	0	0							0	0	BLOB	0	BLOB	BLOB	BLOB	0	4287664272	anonymous	2018-03-16T14:10:35.093
330	275	0	0	0	BLOB	Zusammenfassung3_13-11-10_21-02-74	2018-01-18T12:10:33.467	1	0	0	anonymous	1919	0		1.0	0	0	0	0	0	0	0	0	0							0	0	BLOB	0	BLOB	BLOB	BLOB	0	4287664272	anonymous	2018-03-16T14:10:35.508
